[
  {
    "id": "d5a6c3e0-8205-43bd-bbff-dc58ae850c6e",
    "data": [
      {
        "text": "Stay calm?",
        "userDefined": false
      }
    ],
    "isTemplate": false,
    "count": 0,
    "lang": "en",
    "updated": 0
  },
  {
    "id": "8c6a5f7f-8f11-401b-95cd-88ec2c7279c6",
    "data": [
      {
        "text": "sit down!",
        "userDefined": false
      }
    ],
    "isTemplate": false,
    "count": 0,
    "lang": "en",
    "updated": 0
  },
  {
    "id": "5bc2a4a4-0e25-47c7-ac5f-f7e35877ac58",
    "data": [
      {
        "text": "hydrate, lay down",
        "userDefined": false
      }
    ],
    "isTemplate": false,
    "count": 0,
    "lang": "en",
    "updated": 0
  },
  {
    "id": "c3f6d920-0a14-4f64-9df7-e0f6c8f374fe",
    "data": [
      {
        "text": "alert a loved one if possible",
        "userDefined": false
      }
    ],
    "isTemplate": false,
    "count": 0,
    "lang": "en",
    "updated": 0
  },
  {
    "id": "9e72f802-039f-429b-aba5-918ca17e4d07",
    "data": [
      {
        "text": "I would actually ",
        "userDefined": false
      },
      {
        "text": "first",
        "meta": "@sys.ordinal",
        "alias": "ordinal",
        "userDefined": false
      },
      {
        "text": " take a teaspoon of cayenne as it may stop a heart attack ",
        "userDefined": false
      },
      {
        "text": "in 30 seconds",
        "meta": "@sys.date-time",
        "alias": "date-time",
        "userDefined": false
      }
    ],
    "isTemplate": false,
    "count": 0,
    "lang": "en",
    "updated": 0
  },
  {
    "id": "f2b030b3-04ac-4ab1-87c4-e80ecab710c6",
    "data": [
      {
        "text": "Go to the doctor",
        "userDefined": false
      }
    ],
    "isTemplate": false,
    "count": 0,
    "lang": "en",
    "updated": 0
  },
  {
    "id": "42dbc308-e85b-4914-a55b-0653d85df351",
    "data": [
      {
        "text": "Have someone take me to the hospital",
        "userDefined": false
      }
    ],
    "isTemplate": false,
    "count": 0,
    "lang": "en",
    "updated": 0
  }
]