[
  {
    "id": "fe7c106f-6c51-498f-9db9-d9b5c825b287",
    "data": [
      {
        "text": "EMS",
        "userDefined": false
      }
    ],
    "isTemplate": false,
    "count": 0,
    "lang": "en",
    "updated": 0
  },
  {
    "id": "cea28111-6930-4b15-b961-8d4c7e091c78",
    "data": [
      {
        "text": "Call emergency services- take aspirin if you have it- stop doing whatever activity you were doing",
        "userDefined": false
      }
    ],
    "isTemplate": false,
    "count": 0,
    "lang": "en",
    "updated": 0
  },
  {
    "id": "1f135427-87e0-47f7-93c4-303fb405faab",
    "data": [
      {
        "text": "Call 911 or take an aspirin",
        "userDefined": false
      }
    ],
    "isTemplate": false,
    "count": 0,
    "lang": "en",
    "updated": 0
  },
  {
    "id": "adff1ef3-4a3b-4d1f-bea2-829f4189c436",
    "data": [
      {
        "text": "Get to an er",
        "userDefined": false
      }
    ],
    "isTemplate": false,
    "count": 0,
    "lang": "en",
    "updated": 0
  },
  {
    "id": "3546741f-db2e-4598-a542-64d72845bec0",
    "data": [
      {
        "text": "Call 911",
        "userDefined": false
      }
    ],
    "isTemplate": false,
    "count": 0,
    "lang": "en",
    "updated": 0
  },
  {
    "id": "21386689-8dc5-4623-9f90-ecf59c1a261c",
    "data": [
      {
        "text": "Call the emergencies",
        "userDefined": false
      }
    ],
    "isTemplate": false,
    "count": 0,
    "lang": "en",
    "updated": 0
  }
]