[
  {
    "id": "25b63fdb-bd47-416c-bd77-edcc5ac6c11d",
    "data": [
      {
        "text": "Statins",
        "userDefined": false
      }
    ],
    "isTemplate": false,
    "count": 0,
    "lang": "en",
    "updated": 0
  },
  {
    "id": "fd7df04a-e4ca-4f4f-aa85-af58a87918ac",
    "data": [
      {
        "text": "Statins? Cholesterol meds?",
        "userDefined": false
      }
    ],
    "isTemplate": false,
    "count": 0,
    "lang": "en",
    "updated": 0
  },
  {
    "id": "5d0bcee7-0f23-4e7f-9857-89f4d5b43266",
    "data": [
      {
        "text": "Penicillin?",
        "userDefined": false
      }
    ],
    "isTemplate": false,
    "count": 0,
    "lang": "en",
    "updated": 0
  },
  {
    "id": "ad05d872-331f-40cc-9abe-d114c5b8ebe4",
    "data": [
      {
        "text": "vicks",
        "userDefined": false
      }
    ],
    "isTemplate": false,
    "count": 0,
    "lang": "en",
    "updated": 0
  },
  {
    "id": "2aad0c47-a38e-4528-943a-1ce630129b08",
    "data": [
      {
        "text": "paracetamol",
        "userDefined": false
      }
    ],
    "isTemplate": false,
    "count": 0,
    "lang": "en",
    "updated": 0
  }
]