[
  {
    "id": "d05725cd-d4bd-4de8-b830-bacc485f8a7b",
    "data": [
      {
        "text": "Oh okay! I don\u0027t know, maybe a blood thinner and something for pain?",
        "userDefined": false
      }
    ],
    "isTemplate": false,
    "count": 0,
    "lang": "en",
    "updated": 0
  },
  {
    "id": "10435ceb-9018-43b4-b755-b6cb89fcc558",
    "data": [
      {
        "text": "The nitro pills \u0026 blood thinners?",
        "userDefined": false
      }
    ],
    "isTemplate": false,
    "count": 0,
    "lang": "en",
    "updated": 0
  },
  {
    "id": "c267e707-6969-4fac-b4f4-72dcf788c7bf",
    "data": [
      {
        "text": "Nitroglycerin",
        "userDefined": false
      }
    ],
    "isTemplate": false,
    "count": 0,
    "lang": "en",
    "updated": 0
  },
  {
    "id": "bf616da1-1423-42ba-98d7-289c140be41e",
    "data": [
      {
        "text": "thrombolytics",
        "meta": "@medicine_heart_attck",
        "alias": "medicine_heart_attck",
        "userDefined": true
      }
    ],
    "isTemplate": false,
    "count": 0,
    "lang": "en",
    "updated": 0
  },
  {
    "id": "9a444567-ce59-4de7-92bc-d08ea55ac200",
    "data": [
      {
        "text": "clot busters",
        "meta": "@medicine_heart_attck",
        "alias": "medicine_heart_attck",
        "userDefined": true
      }
    ],
    "isTemplate": false,
    "count": 0,
    "lang": "en",
    "updated": 0
  },
  {
    "id": "58474ece-f41e-44bc-bad6-af6060ed9e6f",
    "data": [
      {
        "text": "nitrates",
        "meta": "@medicine_heart_attck",
        "alias": "medicine_heart_attck",
        "userDefined": true
      }
    ],
    "isTemplate": false,
    "count": 0,
    "lang": "en",
    "updated": 0
  },
  {
    "id": "f2ad227e-03e1-4da8-b0a0-8a1fa9df123c",
    "data": [
      {
        "text": "beta blockers",
        "meta": "@medicine_heart_attck",
        "alias": "medicine_heart_attck",
        "userDefined": true
      }
    ],
    "isTemplate": false,
    "count": 0,
    "lang": "en",
    "updated": 0
  },
  {
    "id": "9ed44f01-809e-42c7-bcbd-c44572b48dcd",
    "data": [
      {
        "text": "blood thinners",
        "meta": "@medicine_heart_attck",
        "alias": "medicine_heart_attck",
        "userDefined": true
      }
    ],
    "isTemplate": false,
    "count": 0,
    "lang": "en",
    "updated": 0
  },
  {
    "id": "00c3e3be-ba2c-405f-8355-38dfe93a6c1d",
    "data": [
      {
        "text": "ACE inhibitors",
        "meta": "@medicine_heart_attck",
        "alias": "medicine_heart_attck",
        "userDefined": true
      }
    ],
    "isTemplate": false,
    "count": 0,
    "lang": "en",
    "updated": 0
  }
]