[
  {
    "id": "79aba83f-e819-4d99-ac02-79ed3289bfe6",
    "data": [
      {
        "text": "be less active",
        "userDefined": false
      }
    ],
    "isTemplate": false,
    "count": 0,
    "lang": "en",
    "updated": 0
  },
  {
    "id": "da3b07db-a413-40f9-91b8-52d6ee53d2db",
    "data": [
      {
        "text": "don\u0027t be active",
        "userDefined": false
      }
    ],
    "isTemplate": false,
    "count": 0,
    "lang": "en",
    "updated": 0
  },
  {
    "id": "06117c39-39ef-423b-90ed-c1065e5f16fa",
    "data": [
      {
        "text": "quit gymming to take rest",
        "userDefined": false
      }
    ],
    "isTemplate": false,
    "count": 0,
    "lang": "en",
    "updated": 0
  },
  {
    "id": "4b4fd41f-4d57-4d19-a95c-dbe2cb44fec3",
    "data": [
      {
        "text": "Limiting physical activity so you don\u0027t cause another heart attack”",
        "userDefined": false
      }
    ],
    "isTemplate": false,
    "count": 0,
    "lang": "en",
    "updated": 0
  }
]