[
  {
    "id": "23ea53e3-4cb0-404a-948e-3b4c4ab11704",
    "data": [
      {
        "text": "I think I\u0027ve heard of an open-heart surgery",
        "userDefined": false
      }
    ],
    "isTemplate": false,
    "count": 0,
    "lang": "en",
    "updated": 0
  },
  {
    "id": "2e97a10c-173c-439b-b5ad-5f3556c9abfe",
    "data": [
      {
        "text": "Atherectomy",
        "userDefined": false
      }
    ],
    "isTemplate": false,
    "count": 0,
    "lang": "en",
    "updated": 0
  },
  {
    "id": "96f05753-9671-4265-a2c6-f4721c4cc13d",
    "data": [
      {
        "text": "An Angiogram",
        "userDefined": false
      }
    ],
    "isTemplate": false,
    "count": 0,
    "lang": "en",
    "updated": 0
  },
  {
    "id": "29641a89-81df-4014-bbb4-fd02cf1aa373",
    "data": [
      {
        "text": "surgery",
        "userDefined": false
      }
    ],
    "isTemplate": false,
    "count": 0,
    "lang": "en",
    "updated": 0
  },
  {
    "id": "5c53af37-03f1-48a5-b8be-0d3320c7d012",
    "data": [
      {
        "text": "Procedures to remove the clot from the artery and fix other damage that might have occurred",
        "userDefined": false
      }
    ],
    "isTemplate": false,
    "count": 0,
    "lang": "en",
    "updated": 0
  },
  {
    "id": "6fe09a1f-4179-4e47-aa25-d087d61ad144",
    "data": [
      {
        "text": "I know there is a procedure where they can ",
        "userDefined": false
      },
      {
        "text": "bypass",
        "meta": "@procedures_heart_attack",
        "alias": "procedures_heart_attack",
        "userDefined": false
      },
      {
        "text": " the clogged ",
        "userDefined": false
      },
      {
        "text": "artery",
        "meta": "@procedures_heart_attack",
        "alias": "procedures_heart_attack",
        "userDefined": false
      },
      {
        "text": ", I think there\u0027s another one where they can put in a little tube like a straw",
        "userDefined": false
      }
    ],
    "isTemplate": false,
    "count": 0,
    "lang": "en",
    "updated": 0
  },
  {
    "id": "bb8327c5-79ff-4afb-9a43-36b7018e9eb9",
    "data": [
      {
        "text": "Stents",
        "meta": "@procedures_heart_attack",
        "alias": "procedures_heart_attack",
        "userDefined": false
      },
      {
        "text": ", pacemakers monitors",
        "userDefined": false
      }
    ],
    "isTemplate": false,
    "count": 0,
    "lang": "en",
    "updated": 0
  },
  {
    "id": "e5f8a90e-c32d-4491-a613-4e4fbcc1147f",
    "data": [
      {
        "text": "stents",
        "meta": "@procedures_heart_attack",
        "alias": "procedures_heart_attack",
        "userDefined": false
      }
    ],
    "isTemplate": false,
    "count": 0,
    "lang": "en",
    "updated": 0
  },
  {
    "id": "0402bd16-2da3-4fcd-be85-1d76c36cf549",
    "data": [
      {
        "text": "stenting",
        "meta": "@procedures_heart_attack",
        "alias": "procedures_heart_attack",
        "userDefined": true
      }
    ],
    "isTemplate": false,
    "count": 0,
    "lang": "en",
    "updated": 0
  },
  {
    "id": "7d1f4506-f3a4-4000-8f0c-4409bd58224c",
    "data": [
      {
        "text": "angioplasty",
        "meta": "@procedures_heart_attack",
        "alias": "procedures_heart_attack",
        "userDefined": true
      }
    ],
    "isTemplate": false,
    "count": 0,
    "lang": "en",
    "updated": 0
  },
  {
    "id": "6b0fdc8c-f8de-40ba-8729-83ec1c152083",
    "data": [
      {
        "text": "Coronary artery bypass grafting.",
        "meta": "@procedures_heart_attack",
        "alias": "procedures_heart_attack",
        "userDefined": true
      }
    ],
    "isTemplate": false,
    "count": 0,
    "lang": "en",
    "updated": 0
  },
  {
    "id": "63ca1adf-b1c9-4160-a245-fc64a6da880e",
    "data": [
      {
        "text": "Cabbage",
        "meta": "@procedures_heart_attack",
        "alias": "procedures_heart_attack",
        "userDefined": true
      }
    ],
    "isTemplate": false,
    "count": 0,
    "lang": "en",
    "updated": 0
  },
  {
    "id": "e1a4fede-e974-484c-b09d-d0e206bd901a",
    "data": [
      {
        "text": "CABG",
        "meta": "@procedures_heart_attack",
        "alias": "procedures_heart_attack",
        "userDefined": true
      }
    ],
    "isTemplate": false,
    "count": 0,
    "lang": "en",
    "updated": 0
  }
]