[
  {
    "id": "82a4b71a-a089-4e91-ac57-6be11d95ecc7",
    "data": [
      {
        "text": "I think it\u0027s about getting your strength back so physical therapy",
        "userDefined": false
      }
    ],
    "isTemplate": false,
    "count": 0,
    "lang": "en",
    "updated": 0
  },
  {
    "id": "a0fc2ca9-07bb-499d-a0ae-425dc38da7d6",
    "data": [
      {
        "text": "A regimented amount of exercise in a regimented strict diet",
        "userDefined": false
      }
    ],
    "isTemplate": false,
    "count": 0,
    "lang": "en",
    "updated": 0
  },
  {
    "id": "0387305b-6b16-4543-86bd-b232668fb078",
    "data": [
      {
        "text": "Maybe we carry something specific that pre- exposes our to higher risk of heart disease.",
        "userDefined": false
      }
    ],
    "isTemplate": false,
    "count": 0,
    "lang": "en",
    "updated": 0
  },
  {
    "id": "58c305e8-83cb-4dd1-ada6-5a92477f84fb",
    "data": [
      {
        "text": "Training the heart to repump blood and oxygen to the heart",
        "userDefined": false
      }
    ],
    "isTemplate": false,
    "count": 0,
    "lang": "en",
    "updated": 0
  },
  {
    "id": "387196c3-1434-4f46-8621-11f12a4e0ca4",
    "data": [
      {
        "text": "its like supervised exercise and education on healthier life changes",
        "userDefined": false
      }
    ],
    "isTemplate": false,
    "count": 0,
    "lang": "en",
    "updated": 0
  },
  {
    "id": "9c3076d4-52b2-4f03-a050-873b9eaf555f",
    "data": [
      {
        "text": "program that includes: Physical activity. Education about healthy living, including how to eat healthy, take medicine as prescribed, and quit smoking. Counseling to find ways to relieve stress and improve mental health.",
        "userDefined": false
      }
    ],
    "isTemplate": false,
    "count": 0,
    "lang": "en",
    "updated": 0
  },
  {
    "id": "b99ef5c0-430e-4e08-9614-05fd6201ef96",
    "data": [
      {
        "text": "Probably focuses on exercise, dietary changes, weight loss if needed. Slow and steady strengthening and endurance to improve condition.",
        "userDefined": false
      }
    ],
    "isTemplate": false,
    "count": 0,
    "lang": "en",
    "updated": 0
  },
  {
    "id": "ed7305f1-1932-407d-b21a-a5168ffc1b95",
    "data": [
      {
        "text": "Progressive monitored aerobic exercise, continued use of prescribed medications.",
        "userDefined": false
      }
    ],
    "isTemplate": false,
    "count": 0,
    "lang": "en",
    "updated": 0
  },
  {
    "id": "fbae8fe7-3496-4d7e-9fff-0a539c285cdc",
    "data": [
      {
        "text": "I would imagine it\u0027s a gradual rehab process, where the patient slowly readjusts to life, physical activity, etc as their repaired heart gets used to working again",
        "userDefined": false
      }
    ],
    "isTemplate": false,
    "count": 0,
    "lang": "en",
    "updated": 0
  },
  {
    "id": "7dc23ac7-b497-4578-a01a-50ef96b29d6f",
    "data": [
      {
        "text": "Not that much. Lots of rest and getting on a healthy diet and strengthening the heart muscle?",
        "userDefined": false
      }
    ],
    "isTemplate": false,
    "count": 0,
    "lang": "en",
    "updated": 0
  },
  {
    "id": "f66cb2aa-1cc1-4c64-aea9-266ec1387608",
    "data": [
      {
        "text": "A doctor would need to monitor how well the heart is responding to medications and make sure their patient is making healthy lifestyle changes",
        "userDefined": false
      }
    ],
    "isTemplate": false,
    "count": 0,
    "lang": "en",
    "updated": 0
  },
  {
    "id": "c68756e4-87fb-478e-9dc5-db11217c873f",
    "data": [
      {
        "text": "Diet and to regain strength",
        "userDefined": false
      }
    ],
    "isTemplate": false,
    "count": 0,
    "lang": "en",
    "updated": 0
  },
  {
    "id": "a7f7c6a2-db54-4f13-a3c7-d429f376c144",
    "data": [
      {
        "text": "Lots of cardio I would assume!  But gentle and slow",
        "userDefined": false
      }
    ],
    "isTemplate": false,
    "count": 0,
    "lang": "en",
    "updated": 0
  },
  {
    "id": "ec84df60-89e0-4467-b3aa-34489e702478",
    "data": [
      {
        "text": "I would guess patients are advised to take it easy by avoiding stress and strenuous activity for a while. Then long-term lifestyle changes such as eating healthier, increasing exercise, limiting alcohol/tobacco",
        "userDefined": false
      }
    ],
    "isTemplate": false,
    "count": 0,
    "lang": "en",
    "updated": 0
  },
  {
    "id": "fa935f51-457c-4a45-935c-291660bf05b3",
    "data": [
      {
        "text": "Cardiac rehab helps you become safely active again after a heart attack. Nurses will monitor your heart rhythm and make sure you are not exerting yourself too much. They also will teach you stress relaxation techniques",
        "userDefined": false
      }
    ],
    "isTemplate": false,
    "count": 0,
    "lang": "en",
    "updated": 0
  },
  {
    "id": "44f4e86e-6f3a-4537-a900-05e213463d88",
    "data": [
      {
        "text": "I don\u0027t know much, maybe they have you do light physical activity with monitoring.",
        "userDefined": false
      }
    ],
    "isTemplate": false,
    "count": 0,
    "lang": "en",
    "updated": 0
  },
  {
    "id": "309e39fc-2879-4858-93ea-c7cb60b90ac6",
    "data": [
      {
        "text": "That would include physical therapy as well as diet intervention. I\u0027m sure there are more though!",
        "userDefined": false
      }
    ],
    "isTemplate": false,
    "count": 0,
    "lang": "en",
    "updated": 0
  },
  {
    "id": "379568f7-687b-4f6a-87a8-8c716c746087",
    "data": [
      {
        "text": " I would assume making lifestyle and diet changes to help prevent more heart attacks, but I\u0027m not sure what is done to help heal and get back to daily life",
        "userDefined": false
      }
    ],
    "isTemplate": false,
    "count": 0,
    "lang": "en",
    "updated": 0
  },
  {
    "id": "d2bdd912-57aa-4775-b1b2-5b4e6154e750",
    "data": [
      {
        "text": "I imagine it would require diet and exercise to recover",
        "userDefined": false
      }
    ],
    "isTemplate": false,
    "count": 0,
    "lang": "en",
    "updated": 0
  },
  {
    "id": "6a1ad71b-5e14-4719-9402-0046abd7d7a9",
    "data": [
      {
        "text": "I have a friend going through this. He was in hospital, then rehab, then had pt and rest at home, now going to cardiac rehab to build his body up",
        "userDefined": false
      }
    ],
    "isTemplate": false,
    "count": 0,
    "lang": "en",
    "updated": 0
  },
  {
    "id": "fde854f8-996a-49c4-adf1-d3a80794330f",
    "data": [
      {
        "text": "to help you maintain a healthy weight or quit smoking.",
        "userDefined": false
      }
    ],
    "isTemplate": false,
    "count": 0,
    "lang": "en",
    "updated": 0
  },
  {
    "id": "f37fc3f8-d6c7-4d4a-bbd3-fcd38f446ed1",
    "data": [
      {
        "text": "nutrition counseling",
        "userDefined": false
      }
    ],
    "isTemplate": false,
    "count": 0,
    "lang": "en",
    "updated": 0
  },
  {
    "id": "1a4a0e7c-a720-44ee-9ae2-7307c4168725",
    "data": [
      {
        "text": "cardiac rehab helped reduce chances of a repeat heart attack",
        "userDefined": false
      }
    ],
    "isTemplate": false,
    "count": 0,
    "lang": "en",
    "updated": 0
  },
  {
    "id": "5b7d30ef-a49f-4fa0-a42f-eca15ee3ed09",
    "data": [
      {
        "text": "cardiac rehab is an outpatient program that uses medically supervised exercise",
        "userDefined": false
      }
    ],
    "isTemplate": false,
    "count": 0,
    "lang": "en",
    "updated": 0
  }
]