[
  {
    "id": "8b48f932-404f-4590-a6ca-2ebb7b9a51d8",
    "data": [
      {
        "text": "Not long... Maybe an hr max",
        "userDefined": false
      }
    ],
    "isTemplate": false,
    "count": 0,
    "lang": "en",
    "updated": 0
  },
  {
    "id": "f6cd550f-cc28-451c-8883-356559d47dd0",
    "data": [
      {
        "text": "I have no idea. My mom waited 15 hours",
        "userDefined": false
      }
    ],
    "isTemplate": false,
    "count": 0,
    "lang": "en",
    "updated": 0
  },
  {
    "id": "5c0eff69-f4a9-4386-aaf0-7afde9358324",
    "data": [
      {
        "text": "Does it depend on the severity of symptoms?",
        "userDefined": false
      }
    ],
    "isTemplate": false,
    "count": 0,
    "lang": "en",
    "updated": 0
  },
  {
    "id": "e7c69d4d-2ae2-4288-8439-1d47a2030c3b",
    "data": [
      {
        "text": "Less than an hour?",
        "userDefined": false
      }
    ],
    "isTemplate": false,
    "count": 0,
    "lang": "en",
    "updated": 0
  },
  {
    "id": "3d0d333e-9240-4222-aa08-77e1d83dad36",
    "data": [
      {
        "text": "Hopefully 30 minutes since that\u0027s how far the hospital is from my house 😉",
        "userDefined": false
      }
    ],
    "isTemplate": false,
    "count": 0,
    "lang": "en",
    "updated": 0
  },
  {
    "id": "7c77d341-9acd-4008-9fe7-f46d1c34f894",
    "data": [
      {
        "text": "30 minutes",
        "meta": "@sys.duration",
        "alias": "duration",
        "userDefined": false
      },
      {
        "text": "?",
        "userDefined": false
      }
    ],
    "isTemplate": false,
    "count": 0,
    "lang": "en",
    "updated": 0
  },
  {
    "id": "97b41a5c-b4bb-4bcf-8502-31c713f5122f",
    "data": [
      {
        "text": "It does not matter",
        "userDefined": false
      }
    ],
    "isTemplate": false,
    "count": 0,
    "lang": "en",
    "updated": 0
  },
  {
    "id": "8c4cb20f-da7d-44b9-84f8-f07702bb51be",
    "data": [
      {
        "text": "10 minutes",
        "meta": "@sys.duration",
        "alias": "duration",
        "userDefined": false
      }
    ],
    "isTemplate": false,
    "count": 0,
    "lang": "en",
    "updated": 0
  },
  {
    "id": "37369b19-66a6-4150-8670-2c4a60be9bd0",
    "data": [
      {
        "text": "15 minutes",
        "meta": "@sys.date-time",
        "alias": "date-time",
        "userDefined": false
      }
    ],
    "isTemplate": false,
    "count": 0,
    "lang": "en",
    "updated": 0
  },
  {
    "id": "d7729975-7c79-4e39-ac68-ffcad1b6b2f8",
    "data": [
      {
        "text": "An hour",
        "meta": "@sys.duration",
        "alias": "duration",
        "userDefined": false
      }
    ],
    "isTemplate": false,
    "count": 0,
    "lang": "en",
    "updated": 0
  }
]