[
  {
    "id": "8b246b3a-0ec9-4d86-aab2-983fee4163de",
    "data": [
      {
        "text": "If you can\u0027t get an ambulance come to you have a neighbor or friend to drive you to the hospital",
        "userDefined": false
      }
    ],
    "isTemplate": false,
    "count": 0,
    "lang": "en",
    "updated": 0
  },
  {
    "id": "707549ea-c1f2-43aa-802c-e07a1fd2adb7",
    "data": [
      {
        "text": "That way 911 could trace the location of the call",
        "userDefined": false
      }
    ],
    "isTemplate": false,
    "count": 0,
    "lang": "en",
    "updated": 0
  },
  {
    "id": "88ca91b9-eae1-4b34-b8a1-e2a5f2b8865c",
    "data": [
      {
        "text": "Since I won\u0027t have anyone with me",
        "userDefined": false
      }
    ],
    "isTemplate": false,
    "count": 0,
    "lang": "en",
    "updated": 0
  },
  {
    "id": "a614c7c0-7f45-4b13-a5b0-a64d60d3a74d",
    "data": [
      {
        "text": "I may be scared",
        "userDefined": false
      }
    ],
    "isTemplate": false,
    "count": 0,
    "lang": "en",
    "updated": 0
  }
]