[
  {
    "id": "d2defa17-d2e0-4d8a-88f4-de7f5b6b7b61",
    "data": [
      {
        "text": "From the thickening of arteries and veins from stress on the heart",
        "userDefined": false
      }
    ],
    "isTemplate": false,
    "count": 0,
    "lang": "en",
    "updated": 0
  },
  {
    "id": "43b547ec-fd8b-46a0-8888-4b6b311e2449",
    "data": [
      {
        "text": "lack of oxygen",
        "userDefined": false
      }
    ],
    "isTemplate": false,
    "count": 0,
    "lang": "en",
    "updated": 0
  },
  {
    "id": "c0020849-c9a0-42df-99d2-6fd0d2940f67",
    "data": [
      {
        "text": "Fat blocks arteries or arteries narrow",
        "userDefined": false
      }
    ],
    "isTemplate": false,
    "count": 0,
    "lang": "en",
    "updated": 0
  },
  {
    "id": "b83609da-9942-4b33-9b7a-085098dbf4f4",
    "data": [
      {
        "text": "shortage of oxygen in the heart",
        "userDefined": false
      }
    ],
    "isTemplate": false,
    "count": 0,
    "lang": "en",
    "updated": 0
  },
  {
    "id": "fadd4c29-b28c-4b71-b7f8-c4e7516c7f6a",
    "data": [
      {
        "text": "heart does not get oxygen",
        "userDefined": false
      }
    ],
    "isTemplate": false,
    "count": 0,
    "lang": "en",
    "updated": 0
  },
  {
    "id": "58dc1bd7-26b3-45bf-8082-6dfab072ce9a",
    "data": [
      {
        "text": "Angina happens when the heart is not getting enough oxygen",
        "userDefined": false
      }
    ],
    "isTemplate": false,
    "count": 0,
    "lang": "en",
    "updated": 0
  }
]