[
  {
    "id": "a0b7dd7a-fb19-4152-b083-5d3e3dda7f37",
    "data": [
      {
        "text": "A type of heart attack",
        "userDefined": false
      }
    ],
    "isTemplate": false,
    "count": 0,
    "lang": "en",
    "updated": 0
  },
  {
    "id": "44c418db-3693-4503-82e8-a8c32e4b01ea",
    "data": [
      {
        "text": "Thyroid area?",
        "userDefined": false
      }
    ],
    "isTemplate": false,
    "count": 0,
    "lang": "en",
    "updated": 0
  },
  {
    "id": "3a287fc4-9035-4c9d-b09c-47bf9e08b917",
    "data": [
      {
        "text": "I think its like a precursor to a heart attack where the heart squeezes",
        "userDefined": false
      }
    ],
    "isTemplate": false,
    "count": 0,
    "lang": "en",
    "updated": 0
  },
  {
    "id": "b045ccb0-d5d2-4d3f-b87e-e6e9d28ae20e",
    "data": [
      {
        "text": "Is that cholesterol in the heart",
        "userDefined": false
      }
    ],
    "isTemplate": false,
    "count": 0,
    "lang": "en",
    "updated": 0
  },
  {
    "id": "3514601d-b54d-42c0-9d00-c77e3ef360a6",
    "data": [
      {
        "text": "Honestly never really heard of angina ,but I have heard that it\u0027s a a way your heart skips a beat",
        "userDefined": false
      }
    ],
    "isTemplate": false,
    "count": 0,
    "lang": "en",
    "updated": 0
  },
  {
    "id": "97c51aa0-9bc2-4891-8d66-132a03a10849",
    "data": [
      {
        "text": "Idk what angina is. is it related to stress",
        "userDefined": false
      }
    ],
    "isTemplate": false,
    "count": 0,
    "lang": "en",
    "updated": 0
  },
  {
    "id": "a0cc478c-cee1-4a4f-8313-7947346bcda5",
    "data": [
      {
        "text": "Heart disease, like palpitations",
        "userDefined": false
      }
    ],
    "isTemplate": false,
    "count": 0,
    "lang": "en",
    "updated": 0
  },
  {
    "id": "7844f74d-03fa-444f-908a-86351e4f0052",
    "data": [
      {
        "text": "I\u0027m pretty sure it\u0027s arrhythmia!",
        "userDefined": false
      }
    ],
    "isTemplate": false,
    "count": 0,
    "lang": "en",
    "updated": 0
  },
  {
    "id": "258edd43-b44b-4f22-9541-c2bfe5371d5f",
    "data": [
      {
        "text": "Irregular heartbeat?",
        "userDefined": false
      }
    ],
    "isTemplate": false,
    "count": 0,
    "lang": "en",
    "updated": 0
  },
  {
    "id": "8ac46aa6-c914-485d-9823-67e9e7b9a95d",
    "data": [
      {
        "text": "I thought it was stomach pain",
        "userDefined": false
      }
    ],
    "isTemplate": false,
    "count": 0,
    "lang": "en",
    "updated": 0
  },
  {
    "id": "8375cd56-3061-4390-9bca-d45be5506bb1",
    "data": [
      {
        "text": "Hmmm... swelling?",
        "userDefined": false
      }
    ],
    "isTemplate": false,
    "count": 0,
    "lang": "en",
    "updated": 0
  },
  {
    "id": "34c06aba-91b7-4739-92f2-0be12a191247",
    "data": [
      {
        "text": "Maybe a completely blocked artery?",
        "userDefined": false
      }
    ],
    "isTemplate": false,
    "count": 0,
    "lang": "en",
    "updated": 0
  },
  {
    "id": "fbe949c6-9c27-406f-a63e-d7db78ce6a28",
    "data": [
      {
        "text": "I have heard that term before but I can\u0027t remember. Weakening of muscles maybe?",
        "userDefined": false
      }
    ],
    "isTemplate": false,
    "count": 0,
    "lang": "en",
    "updated": 0
  },
  {
    "id": "6b79a8d4-3cf7-4a8d-85dc-0dbc2c9281a6",
    "data": [
      {
        "text": "I have no idea. Never heard of it. Sounds like an organ?",
        "userDefined": false
      }
    ],
    "isTemplate": false,
    "count": 0,
    "lang": "en",
    "updated": 0
  },
  {
    "id": "0ae78a47-e156-4ff0-9c67-7f8f94caeffa",
    "data": [
      {
        "text": "I am not certain what angina is although I have heard of it",
        "userDefined": false
      }
    ],
    "isTemplate": false,
    "count": 0,
    "lang": "en",
    "updated": 0
  },
  {
    "id": "29e09ecd-ada7-4ae4-8c15-bf6877853499",
    "data": [
      {
        "text": "Heart attack",
        "userDefined": false
      }
    ],
    "isTemplate": false,
    "count": 0,
    "lang": "en",
    "updated": 0
  },
  {
    "id": "0a42f09e-398f-4072-9345-3012d8aa2d18",
    "data": [
      {
        "text": "Difficulty in breathing",
        "userDefined": false
      }
    ],
    "isTemplate": false,
    "count": 0,
    "lang": "en",
    "updated": 0
  }
]