[
  {
    "id": "c3cf1b01-13d0-46cb-a0c4-f9c9069739ec",
    "data": [
      {
        "text": "I\u0027m not sure, but I\u0027ll take a guess that it\u0027s heart disease ;)",
        "userDefined": false
      }
    ],
    "isTemplate": false,
    "count": 0,
    "lang": "en",
    "updated": 0
  },
  {
    "id": "347bafe3-3350-431a-a693-6e9183a628e4",
    "data": [
      {
        "text": "Assuming it\u0027s heart disease given the context 😝",
        "userDefined": false
      }
    ],
    "isTemplate": false,
    "count": 0,
    "lang": "en",
    "updated": 0
  },
  {
    "id": "686ff710-8a5f-4b6a-8320-ad689ca76b0a",
    "data": [
      {
        "text": "I want to say cancer, but I assume that it\u0027s heart disease because of this study!",
        "userDefined": false
      }
    ],
    "isTemplate": false,
    "count": 0,
    "lang": "en",
    "updated": 0
  },
  {
    "id": "98d71fa3-ade9-4096-b9ca-edeb904386ca",
    "data": [
      {
        "text": "Heart disease I\u0027m guessing",
        "userDefined": false
      }
    ],
    "isTemplate": false,
    "count": 0,
    "lang": "en",
    "updated": 0
  },
  {
    "id": "2220c917-bcd7-449c-9eef-bf674a262b3c",
    "data": [
      {
        "text": "Either cancer or heart problem",
        "userDefined": false
      }
    ],
    "isTemplate": false,
    "count": 0,
    "lang": "en",
    "updated": 0
  },
  {
    "id": "0749d0df-e6a6-4b58-a215-3e3233438a76",
    "data": [
      {
        "text": "cardiovascular disease",
        "userDefined": false
      }
    ],
    "isTemplate": false,
    "count": 0,
    "lang": "en",
    "updated": 0
  },
  {
    "id": "c1f6d764-98be-4409-9989-8e859e8fbad5",
    "data": [
      {
        "text": "heart disease",
        "userDefined": false
      }
    ],
    "isTemplate": false,
    "count": 0,
    "lang": "en",
    "updated": 0
  },
  {
    "id": "b690cf42-60e0-4051-a56e-80750abbe716",
    "data": [
      {
        "text": "cancer or heart disease",
        "userDefined": false
      }
    ],
    "isTemplate": false,
    "count": 0,
    "lang": "en",
    "updated": 0
  },
  {
    "id": "2c31ad29-e319-4474-9194-a362e2ce9801",
    "data": [
      {
        "text": "heart disease maybe",
        "userDefined": false
      }
    ],
    "isTemplate": false,
    "count": 0,
    "lang": "en",
    "updated": 0
  }
]