[
  {
    "id": "c0a79e63-56ab-4860-8bc6-fe07dc5ca915",
    "data": [
      {
        "text": "Diabetes?",
        "userDefined": false
      }
    ],
    "isTemplate": false,
    "count": 0,
    "lang": "en",
    "updated": 0
  },
  {
    "id": "de0b4a6a-75aa-4271-926d-1772e7fb81ee",
    "data": [
      {
        "text": "hypertension",
        "userDefined": false
      }
    ],
    "isTemplate": false,
    "count": 0,
    "lang": "en",
    "updated": 0
  },
  {
    "id": "2c5f8c8d-de37-454f-b6f4-94046280af63",
    "data": [
      {
        "text": "Child birth?",
        "userDefined": false
      }
    ],
    "isTemplate": false,
    "count": 0,
    "lang": "en",
    "updated": 0
  },
  {
    "id": "92fa9b36-ae59-4da7-b828-2f390d9f2fd6",
    "data": [
      {
        "text": "domestic violence",
        "userDefined": false
      }
    ],
    "isTemplate": false,
    "count": 0,
    "lang": "en",
    "updated": 0
  },
  {
    "id": "12613958-a91f-41e3-9264-489e1a00d469",
    "data": [
      {
        "text": "I think it\u0027s femicide or murder which is the cause of death for women in the US but maybe it\u0027s health related?",
        "userDefined": false
      }
    ],
    "isTemplate": false,
    "count": 0,
    "lang": "en",
    "updated": 0
  },
  {
    "id": "0afe9221-432c-4825-9853-930fcabbf4e6",
    "data": [
      {
        "text": "Maybe cancer? Like reproductive cancer?",
        "userDefined": false
      }
    ],
    "isTemplate": false,
    "count": 0,
    "lang": "en",
    "updated": 0
  },
  {
    "id": "b5e6e919-ae4d-4174-ba7c-23b0ecf393ef",
    "data": [
      {
        "text": "Lung cancer due to smoking",
        "userDefined": false
      }
    ],
    "isTemplate": false,
    "count": 0,
    "lang": "en",
    "updated": 0
  },
  {
    "id": "201a85dc-2403-4d77-aae1-4bf083cf0435",
    "data": [
      {
        "text": "Cancer",
        "userDefined": false
      }
    ],
    "isTemplate": false,
    "count": 0,
    "lang": "en",
    "updated": 0
  },
  {
    "id": "27c948c5-b0fd-4eb6-9c1b-bea964391296",
    "data": [
      {
        "text": "I don\u0027t know",
        "userDefined": false
      }
    ],
    "isTemplate": false,
    "count": 0,
    "lang": "en",
    "updated": 0
  }
]