[
  {
    "id": "37257dc1-1eb1-462e-a3d4-353f297574a2",
    "data": [
      {
        "text": "Tomorrow",
        "meta": "@sys.date",
        "alias": "date",
        "userDefined": false
      }
    ],
    "isTemplate": false,
    "count": 0,
    "lang": "en",
    "updated": 0
  },
  {
    "id": "c7314918-664f-45f5-aa94-d41cec45246d",
    "data": [
      {
        "text": "Friday",
        "meta": "@sys.date",
        "alias": "date",
        "userDefined": false
      }
    ],
    "isTemplate": false,
    "count": 0,
    "lang": "en",
    "updated": 0
  },
  {
    "id": "c649e015-a065-41be-a050-a50fa2080831",
    "data": [
      {
        "text": "Tomorrow",
        "meta": "@sys.date",
        "alias": "date",
        "userDefined": true
      },
      {
        "text": " at 4 ",
        "userDefined": false
      },
      {
        "text": "AM",
        "meta": "@sys.time",
        "alias": "time",
        "userDefined": true
      },
      {
        "text": " maybe",
        "userDefined": false
      }
    ],
    "isTemplate": false,
    "count": 0,
    "lang": "en",
    "updated": 0
  },
  {
    "id": "a203f099-236f-4368-b93b-10f91039cb23",
    "data": [
      {
        "text": "Friday",
        "meta": "@sys.date",
        "alias": "date",
        "userDefined": true
      },
      {
        "text": " at ",
        "userDefined": false
      },
      {
        "text": "3PM",
        "meta": "@sys.time",
        "alias": "time",
        "userDefined": true
      },
      {
        "text": " works for me",
        "userDefined": false
      }
    ],
    "isTemplate": false,
    "count": 0,
    "lang": "en",
    "updated": 0
  }
]