[
  {
    "id": "bc5046d4-ec70-4413-89b3-a35f2667375f",
    "data": [
      {
        "text": "Chest pain jawpain arm pain weakness maybe shortness of breath",
        "userDefined": false
      }
    ],
    "isTemplate": false,
    "count": 0,
    "lang": "en",
    "updated": 0
  },
  {
    "id": "1aa873ed-59f9-4974-8904-fcfd0b8ba7d9",
    "data": [
      {
        "text": "The classic, elephant on my chest, chest pain, left arm pain, shortness of breath. I know in women they can be a bit different, but not sure what all the options are, malaise?",
        "userDefined": false
      }
    ],
    "isTemplate": false,
    "count": 0,
    "lang": "en",
    "updated": 0
  },
  {
    "id": "d7aeeccb-a0c6-4df5-a516-836034b01e99",
    "data": [
      {
        "text": "Pain on the left arm or chest. And/or Vomiting. Or passing out. Thats all I got.",
        "userDefined": false
      }
    ],
    "isTemplate": false,
    "count": 0,
    "lang": "en",
    "updated": 0
  },
  {
    "id": "b73b3f5b-c6c1-44d5-98d7-88df92cd2a8f",
    "data": [
      {
        "text": "Clutching at the chest, left sided weakness in the arm, maybe excessive sweating",
        "userDefined": false
      }
    ],
    "isTemplate": false,
    "count": 0,
    "lang": "en",
    "updated": 0
  },
  {
    "id": "2bc77166-2ed9-417c-a323-2585ed5884d7",
    "data": [
      {
        "text": "I know it can be pain in the arm, I think the left arm? and I know it\u0027s different for men and women but not sure how. pain in the chest is one too.",
        "userDefined": false
      }
    ],
    "isTemplate": false,
    "count": 0,
    "lang": "en",
    "updated": 0
  },
  {
    "id": "93092717-80f4-4695-acd5-b719b2269ffc",
    "data": [
      {
        "text": "Chest pain, pain in shoulder or arm, and for women I think the pain is more likely to show up in a more dispersed area and not the chest in particular. I have heard that in women sometimes they feel like and potentially get mistaken for anxiety attacks",
        "userDefined": false
      }
    ],
    "isTemplate": false,
    "count": 0,
    "lang": "en",
    "updated": 0
  },
  {
    "id": "ff772c3a-34eb-4ffb-9247-4d5ed635172e",
    "data": [
      {
        "text": "Pain in the chest/arm, tightness, trouble breathing, headache/feeling lightheaded",
        "userDefined": false
      }
    ],
    "isTemplate": false,
    "count": 0,
    "lang": "en",
    "updated": 0
  },
  {
    "id": "aceb9556-5829-45d1-97ca-1e481b3e8a79",
    "data": [
      {
        "text": "I think pain or tightness in the chest and numbness/tingling in the left arm",
        "userDefined": false
      }
    ],
    "isTemplate": false,
    "count": 0,
    "lang": "en",
    "updated": 0
  },
  {
    "id": "4b49cf24-7666-426f-9e2e-e76d40f600d5",
    "data": [
      {
        "text": "Well there\u0027s the typical chest pain, then I think I remember my father in law having like some arm pain or something and like feeling faint? I think I remember hearing something about women having different symptoms though like heartburn?",
        "userDefined": false
      }
    ],
    "isTemplate": false,
    "count": 0,
    "lang": "en",
    "updated": 0
  },
  {
    "id": "a7b88266-fcd0-4165-be57-8b117b79d897",
    "data": [
      {
        "text": "heartache, breathless, can\u0027t breath, cold sweat",
        "userDefined": false
      }
    ],
    "isTemplate": false,
    "count": 0,
    "lang": "en",
    "updated": 0
  },
  {
    "id": "149480b6-1c00-4c4a-8079-b15c228995ab",
    "data": [
      {
        "text": "Shortness of breath",
        "userDefined": false
      }
    ],
    "isTemplate": false,
    "count": 0,
    "lang": "en",
    "updated": 0
  },
  {
    "id": "83cbf02c-2ba2-4b81-80db-e3f985902ad8",
    "data": [
      {
        "text": "Chest pain",
        "userDefined": false
      }
    ],
    "isTemplate": false,
    "count": 0,
    "lang": "en",
    "updated": 0
  },
  {
    "id": "b056d2e8-2643-40c8-ab4a-e6245e34ca00",
    "data": [
      {
        "text": "Having  difficulty in breathing",
        "userDefined": false
      }
    ],
    "isTemplate": false,
    "count": 0,
    "lang": "en",
    "updated": 0
  },
  {
    "id": "6b3403c4-8cc1-4169-b4c8-037f8b65f162",
    "data": [
      {
        "text": "Having a hard time breathing, chest pain, clutching your chest",
        "userDefined": false
      }
    ],
    "isTemplate": false,
    "count": 0,
    "lang": "en",
    "updated": 0
  }
]