[
  {
    "id": "7a95a84d-bb4f-4cc5-a2de-a9dfba436c1c",
    "data": [
      {
        "text": "Non-white ethnicities are more prone to heart disease than white ethnicities",
        "userDefined": false
      }
    ],
    "isTemplate": false,
    "count": 0,
    "lang": "en",
    "updated": 0
  },
  {
    "id": "b81d1a4c-35c3-4eb1-9276-12149a1b87c8",
    "data": [
      {
        "text": "Latina",
        "userDefined": false
      }
    ],
    "isTemplate": false,
    "count": 0,
    "lang": "en",
    "updated": 0
  },
  {
    "id": "03cdc149-571a-4b7e-955c-f6ef0154dd1a",
    "data": [
      {
        "text": "Latinos",
        "userDefined": false
      }
    ],
    "isTemplate": false,
    "count": 0,
    "lang": "en",
    "updated": 0
  },
  {
    "id": "406cfd29-a8a3-41e7-844e-2766da5ffe9a",
    "data": [
      {
        "text": "POC",
        "userDefined": false
      }
    ],
    "isTemplate": false,
    "count": 0,
    "lang": "en",
    "updated": 0
  },
  {
    "id": "5bb68712-cbfa-47f5-b5f6-faade30fc03c",
    "data": [
      {
        "text": "I mean, I know there\u0027s just inherent issues with POC receiving proper medical treatment, so I\u0027m sure that\u0027s a factor.",
        "userDefined": false
      }
    ],
    "isTemplate": false,
    "count": 0,
    "lang": "en",
    "updated": 0
  },
  {
    "id": "9f2c7dd4-d20e-4e09-82c6-0eb7dbd137c8",
    "data": [
      {
        "text": "I have no idea. I would guess white people would be at lowest risk",
        "userDefined": false
      }
    ],
    "isTemplate": false,
    "count": 0,
    "lang": "en",
    "updated": 0
  },
  {
    "id": "c2759115-45cf-4a75-a439-a98e43432723",
    "data": [
      {
        "text": "I think it is more common in the BIPOC community",
        "userDefined": false
      }
    ],
    "isTemplate": false,
    "count": 0,
    "lang": "en",
    "updated": 0
  },
  {
    "id": "b6e7f286-d6fc-4be7-bb70-9d3566fe2379",
    "data": [
      {
        "text": "BIPOC",
        "userDefined": false
      }
    ],
    "isTemplate": false,
    "count": 0,
    "lang": "en",
    "updated": 0
  },
  {
    "id": "a795d3bd-0e25-4cb0-ad75-c7534727c8d8",
    "data": [
      {
        "text": "BIPOC individuals may experience higher rates of heart disease due to underlying conditions, family history, differences in diet, and genetics.",
        "userDefined": false
      }
    ],
    "isTemplate": false,
    "count": 0,
    "lang": "en",
    "updated": 0
  },
  {
    "id": "3c20b746-e628-4fd2-8be2-487d6803da44",
    "data": [
      {
        "text": "I would guess that women of color/women from minority groups are at higher risk. Might that have to do with the complicated intersection of SES/healthcare access/environmental risk factors, too?",
        "userDefined": false
      }
    ],
    "isTemplate": false,
    "count": 0,
    "lang": "en",
    "updated": 0
  },
  {
    "id": "85d7f866-53a6-496c-abd4-1a287e2dd37e",
    "data": [
      {
        "text": "I think it\u0027s more common for Black people but that it\u0027s also related to issues of diet, wealth, and stress than genetics. I think Asian people have a lower risk overall, and Caucasian and Hispanic people are somewhere in the middle",
        "userDefined": false
      }
    ],
    "isTemplate": false,
    "count": 0,
    "lang": "en",
    "updated": 0
  },
  {
    "id": "212d9186-0e33-4f7d-af9e-117c27bb175a",
    "data": [
      {
        "text": "I\u0027m guessing people of color (particularly black and Hispanic/Latino people) would be at higher risk due to their higher rates of related health issues like obesity and diabetes, as well as the inequalities in resources and access to health care experienced by oppressed groups",
        "userDefined": false
      }
    ],
    "isTemplate": false,
    "count": 0,
    "lang": "en",
    "updated": 0
  },
  {
    "id": "75d11f0f-85fd-4a65-b979-82be79c1c062",
    "data": [
      {
        "text": "Different rates of disease in different groups?",
        "userDefined": false
      }
    ],
    "isTemplate": false,
    "count": 0,
    "lang": "en",
    "updated": 0
  },
  {
    "id": "5617b311-b46d-43e0-a0cd-3a06241deb87",
    "data": [
      {
        "text": "I am not sure of the details, but I believe that there is a higher risk for heart disease in people of color",
        "userDefined": false
      }
    ],
    "isTemplate": false,
    "count": 0,
    "lang": "en",
    "updated": 0
  },
  {
    "id": "6af71eaa-9502-496d-8066-874ceb1521d2",
    "data": [
      {
        "text": "Minorities are at a higher risk for heart disease. I think it\u0027s probably more of a socioeconomic risk- minorities not having access to medical advice, healthy food, living more stressful lives in general.",
        "userDefined": false
      }
    ],
    "isTemplate": false,
    "count": 0,
    "lang": "en",
    "updated": 0
  },
  {
    "id": "1c06f53c-f876-4da5-88e6-47044cfd1b47",
    "data": [
      {
        "text": "Hispanic",
        "userDefined": false
      }
    ],
    "isTemplate": false,
    "count": 0,
    "lang": "en",
    "updated": 0
  },
  {
    "id": "cfb26475-abbf-4627-baa4-ff77b2a40051",
    "data": [
      {
        "text": "African American because of our unhealthy eating",
        "userDefined": false
      }
    ],
    "isTemplate": false,
    "count": 0,
    "lang": "en",
    "updated": 0
  },
  {
    "id": "aecbe983-5c19-44b9-bec7-c3650b933eae",
    "data": [
      {
        "text": " I believe Afro American are high risk for heart disease",
        "userDefined": false
      }
    ],
    "isTemplate": false,
    "count": 0,
    "lang": "en",
    "updated": 0
  },
  {
    "id": "40797fd7-a5ad-40e9-bc88-4044e78ef5e4",
    "data": [
      {
        "text": "African Americans are at a higher risk of heart disease",
        "userDefined": false
      }
    ],
    "isTemplate": false,
    "count": 0,
    "lang": "en",
    "updated": 0
  },
  {
    "id": "a1e9c3fb-789d-4f52-be57-f7fc597e6633",
    "data": [
      {
        "text": "African American women are in greater danger",
        "userDefined": false
      }
    ],
    "isTemplate": false,
    "count": 0,
    "lang": "en",
    "updated": 0
  }
]