[
  {
    "id": "f257752c-6283-428b-8385-4a8be4ad503a",
    "data": [
      {
        "text": "Diabetes, obesity, hypertension, no exercise, high cholesterol",
        "userDefined": false
      }
    ],
    "isTemplate": false,
    "count": 0,
    "lang": "en",
    "updated": 0
  },
  {
    "id": "acb48694-85d9-4185-90a0-5cb686acfe72",
    "data": [
      {
        "text": "Uncontrolled cholesterol",
        "userDefined": false
      }
    ],
    "isTemplate": false,
    "count": 0,
    "lang": "en",
    "updated": 0
  },
  {
    "id": "a366a008-36ea-41db-8fc4-3e82a8b65e83",
    "data": [
      {
        "text": "over 65",
        "userDefined": false
      }
    ],
    "isTemplate": false,
    "count": 0,
    "lang": "en",
    "updated": 0
  },
  {
    "id": "bd7cf714-670e-46cd-824c-c11bd686cb59",
    "data": [
      {
        "text": "Smoking. Age? Lifestyle (diet, exercise, stress levels/coping). Other chronic health conditions.",
        "userDefined": false
      }
    ],
    "isTemplate": false,
    "count": 0,
    "lang": "en",
    "updated": 0
  },
  {
    "id": "72def806-ffa6-40ca-9828-c34cb32ed08a",
    "data": [
      {
        "text": "I know that weight and genetics can be factors!",
        "userDefined": false
      }
    ],
    "isTemplate": false,
    "count": 0,
    "lang": "en",
    "updated": 0
  },
  {
    "id": "cfa6d6b1-3e98-48ad-ba1b-6f22052ad6e8",
    "data": [
      {
        "text": "Overweight, diabetes, high blood pressure, high cholesterol (LDL)",
        "userDefined": false
      }
    ],
    "isTemplate": false,
    "count": 0,
    "lang": "en",
    "updated": 0
  },
  {
    "id": "1e784952-3779-4ae9-92f6-b6613a263ee0",
    "data": [
      {
        "text": "Age, weight (obesity), smoking cigarettes",
        "userDefined": false
      }
    ],
    "isTemplate": false,
    "count": 0,
    "lang": "en",
    "updated": 0
  },
  {
    "id": "5c311fa4-5e55-47ec-86fe-108bee195db5",
    "data": [
      {
        "text": "Sedentary life style",
        "userDefined": false
      }
    ],
    "isTemplate": false,
    "count": 0,
    "lang": "en",
    "updated": 0
  },
  {
    "id": "f4f3b20a-5c32-49e7-b171-1f95fda9804c",
    "data": [
      {
        "text": "Not exercising, hi fat/high processed diet, not eating enough fruits and vegetables",
        "userDefined": false
      }
    ],
    "isTemplate": false,
    "count": 0,
    "lang": "en",
    "updated": 0
  },
  {
    "id": "7be737cc-8e58-438e-92cb-c579cb25ddb2",
    "data": [
      {
        "text": "high alcohol intake",
        "userDefined": false
      }
    ],
    "isTemplate": false,
    "count": 0,
    "lang": "en",
    "updated": 0
  },
  {
    "id": "d73cba82-61e9-4dd1-bd09-8ae803dd12fd",
    "data": [
      {
        "text": "cholestrol",
        "userDefined": false
      }
    ],
    "isTemplate": false,
    "count": 0,
    "lang": "en",
    "updated": 0
  },
  {
    "id": "46a30ce9-182f-4b2e-88f7-d8c63759c777",
    "data": [
      {
        "text": "diabetes",
        "userDefined": false
      }
    ],
    "isTemplate": false,
    "count": 0,
    "lang": "en",
    "updated": 0
  },
  {
    "id": "b07c0053-dce2-44c3-870c-eef9c09f08f9",
    "data": [
      {
        "text": "male gender",
        "userDefined": false
      }
    ],
    "isTemplate": false,
    "count": 0,
    "lang": "en",
    "updated": 0
  },
  {
    "id": "e08f2f38-f865-44b7-a1e5-45e596eafb3b",
    "data": [
      {
        "text": "males have a higher chance of heart disease",
        "userDefined": false
      }
    ],
    "isTemplate": false,
    "count": 0,
    "lang": "en",
    "updated": 0
  },
  {
    "id": "b3468bc8-f2a5-467c-bbfc-49d55bea55d3",
    "data": [
      {
        "text": "ethnicity",
        "userDefined": false
      }
    ],
    "isTemplate": false,
    "count": 0,
    "lang": "en",
    "updated": 0
  },
  {
    "id": "686ad568-1125-4d0a-b279-79a4db124804",
    "data": [
      {
        "text": "race",
        "userDefined": false
      }
    ],
    "isTemplate": false,
    "count": 0,
    "lang": "en",
    "updated": 0
  },
  {
    "id": "57e6223e-1582-45b4-a5da-59ae53dccccf",
    "data": [
      {
        "text": "Race and ethnicity",
        "userDefined": false
      }
    ],
    "isTemplate": false,
    "count": 0,
    "lang": "en",
    "updated": 0
  },
  {
    "id": "904de227-0654-4b10-b7f2-81e1daddcad4",
    "data": [
      {
        "text": "Increasing age",
        "userDefined": false
      }
    ],
    "isTemplate": false,
    "count": 0,
    "lang": "en",
    "updated": 0
  }
]