[
  {
    "id": "82a30349-919a-4ee5-82f8-2cb32836ba4d",
    "data": [
      {
        "text": "Daily exercise like walking,  reducing salt, sugar and intake of other unhealthy foods,  breath good clean air - get outside and enjoy sunshine,  stop smoking if a smoker, take prescribed medications as prescribed. Have help from friends and family for getting fun exercise and tasty healthy meals",
        "userDefined": false
      }
    ],
    "isTemplate": false,
    "count": 0,
    "lang": "en",
    "updated": 0
  },
  {
    "id": "ee870249-5670-4701-8373-105037023f78",
    "data": [
      {
        "text": "Regular exercise, limiting saturated fats, maintaining a healthy weight",
        "userDefined": false
      }
    ],
    "isTemplate": false,
    "count": 0,
    "lang": "en",
    "updated": 0
  },
  {
    "id": "399144aa-3b10-4320-be8f-22efe7aaf228",
    "data": [
      {
        "text": "Quitting alcohol if you drink, cutting back on red meats, taking your medication",
        "userDefined": false
      }
    ],
    "isTemplate": false,
    "count": 0,
    "lang": "en",
    "updated": 0
  },
  {
    "id": "97e7027a-79e7-426c-be7e-f307d97b2eac",
    "data": [
      {
        "text": "Avoiding heavily processed foods and excess fats.",
        "userDefined": false
      }
    ],
    "isTemplate": false,
    "count": 0,
    "lang": "en",
    "updated": 0
  },
  {
    "id": "c36e5182-d577-4040-8977-38033c04734c",
    "data": [
      {
        "text": "Take your medications, eat a healthy diet, exercise, monitor cholesterol and blood pressure",
        "userDefined": false
      }
    ],
    "isTemplate": false,
    "count": 0,
    "lang": "en",
    "updated": 0
  },
  {
    "id": "3a425b72-20c5-478d-9717-924b4da09fda",
    "data": [
      {
        "text": "taking prescribed medication",
        "userDefined": false
      }
    ],
    "isTemplate": false,
    "count": 0,
    "lang": "en",
    "updated": 0
  },
  {
    "id": "613b9641-f229-4edd-8799-aaeffe828174",
    "data": [
      {
        "text": "Eating heart healthy food",
        "userDefined": false
      }
    ],
    "isTemplate": false,
    "count": 0,
    "lang": "en",
    "updated": 0
  },
  {
    "id": "d29105ae-b891-40cb-a133-e63aca4df9e8",
    "data": [
      {
        "text": "Lifestyle changes like you mentioned before- following the plan set by doctors in terms of medication",
        "userDefined": false
      }
    ],
    "isTemplate": false,
    "count": 0,
    "lang": "en",
    "updated": 0
  },
  {
    "id": "5c99baa3-4185-41f2-9ff3-0a2dc7f96b0f",
    "data": [
      {
        "text": "Yes, eating lots of vegetables and fruits, not so much ted meat, regular exercise, lowering stress",
        "userDefined": false
      }
    ],
    "isTemplate": false,
    "count": 0,
    "lang": "en",
    "updated": 0
  },
  {
    "id": "62c99ff7-ddd9-4955-820c-9f1f65aa0dda",
    "data": [
      {
        "text": "Eating healthy , exercise , see dr regularly",
        "userDefined": false
      }
    ],
    "isTemplate": false,
    "count": 0,
    "lang": "en",
    "updated": 0
  },
  {
    "id": "18122e3d-e2a9-452a-a003-690c2f86a9f1",
    "data": [
      {
        "text": "Find ways to work down stress",
        "userDefined": false
      }
    ],
    "isTemplate": false,
    "count": 0,
    "lang": "en",
    "updated": 0
  },
  {
    "id": "08605ae5-dc0e-44df-8941-74915f4b4dff",
    "data": [
      {
        "text": "Tests recommended by doc",
        "userDefined": false
      }
    ],
    "isTemplate": false,
    "count": 0,
    "lang": "en",
    "updated": 0
  },
  {
    "id": "555f658a-de51-4055-862b-e785b87770cc",
    "data": [
      {
        "text": "Diet and exercise.regular visits to doc.",
        "userDefined": false
      }
    ],
    "isTemplate": false,
    "count": 0,
    "lang": "en",
    "updated": 0
  },
  {
    "id": "108e9ed6-9485-491e-bcc6-910402aeb64f",
    "data": [
      {
        "text": "don\u0027t smoke",
        "userDefined": false
      }
    ],
    "isTemplate": false,
    "count": 0,
    "lang": "en",
    "updated": 0
  },
  {
    "id": "41d9f093-08db-4c20-976b-3fb11da553db",
    "data": [
      {
        "text": "stop smoking",
        "userDefined": false
      }
    ],
    "isTemplate": false,
    "count": 0,
    "lang": "en",
    "updated": 0
  },
  {
    "id": "f3ff958c-4233-4d10-8709-3d9f8512ece5",
    "data": [
      {
        "text": "reduce cholestrol",
        "userDefined": false
      }
    ],
    "isTemplate": false,
    "count": 0,
    "lang": "en",
    "updated": 0
  },
  {
    "id": "83700d5a-a542-4be1-bb94-417eed4f906a",
    "data": [
      {
        "text": "control blood sugar",
        "userDefined": false
      }
    ],
    "isTemplate": false,
    "count": 0,
    "lang": "en",
    "updated": 0
  },
  {
    "id": "9f3d3baf-4730-440d-9b50-6192ae32a598",
    "data": [
      {
        "text": "control diet",
        "userDefined": false
      }
    ],
    "isTemplate": false,
    "count": 0,
    "lang": "en",
    "updated": 0
  },
  {
    "id": "e8a80c1f-ee14-4001-b263-26f15ffe85f9",
    "data": [
      {
        "text": "being physically active",
        "userDefined": false
      }
    ],
    "isTemplate": false,
    "count": 0,
    "lang": "en",
    "updated": 0
  },
  {
    "id": "5ff1d285-c004-4409-8fc3-69943190ee28",
    "data": [
      {
        "text": "being active",
        "userDefined": false
      }
    ],
    "isTemplate": false,
    "count": 0,
    "lang": "en",
    "updated": 0
  },
  {
    "id": "0f897d6d-575c-4743-bd93-8baac9c3634e",
    "data": [
      {
        "text": "gymming",
        "userDefined": false
      }
    ],
    "isTemplate": false,
    "count": 0,
    "lang": "en",
    "updated": 0
  }
]