[
  {
    "id": "190e5236-649d-46d4-b626-d9b722c22689",
    "data": [
      {
        "text": "ECGs",
        "userDefined": false
      }
    ],
    "isTemplate": false,
    "count": 0,
    "lang": "en",
    "updated": 0
  },
  {
    "id": "67109968-120c-46b7-b798-cab4ce173b5c",
    "data": [
      {
        "text": "EKGs?",
        "userDefined": false
      }
    ],
    "isTemplate": false,
    "count": 0,
    "lang": "en",
    "updated": 0
  },
  {
    "id": "0ce74210-f99e-4862-a49e-3d439bfe04fa",
    "data": [
      {
        "text": "Cardiopulmonary resuscitation",
        "userDefined": false
      }
    ],
    "isTemplate": false,
    "count": 0,
    "lang": "en",
    "updated": 0
  },
  {
    "id": "b6e96a06-c7c6-4c8a-973c-aee5df17a1a3",
    "data": [
      {
        "text": "CPR",
        "userDefined": false
      }
    ],
    "isTemplate": false,
    "count": 0,
    "lang": "en",
    "updated": 0
  },
  {
    "id": "7f3bf19f-c11f-4a28-9fad-73d2ff73de90",
    "data": [
      {
        "text": "Putting in a pacemaker?",
        "userDefined": false
      }
    ],
    "isTemplate": false,
    "count": 0,
    "lang": "en",
    "updated": 0
  },
  {
    "id": "f979c223-e5f1-488b-b0f2-34bea15b1ea9",
    "data": [
      {
        "text": "Guessing again...open heart surgery?",
        "userDefined": false
      }
    ],
    "isTemplate": false,
    "count": 0,
    "lang": "en",
    "updated": 0
  },
  {
    "id": "e41b48b5-872f-4a94-86b0-391caa87be44",
    "data": [
      {
        "text": "automated external defibrillator",
        "userDefined": false
      }
    ],
    "isTemplate": false,
    "count": 0,
    "lang": "en",
    "updated": 0
  },
  {
    "id": "2f31658f-0515-40b1-87e0-35b562f461d5",
    "data": [
      {
        "text": "using ",
        "userDefined": false
      },
      {
        "text": "an AED",
        "userDefined": false
      }
    ],
    "isTemplate": false,
    "count": 0,
    "lang": "en",
    "updated": 0
  },
  {
    "id": "d52ef7b4-13ae-4d9f-af51-278661f2f0c0",
    "data": [
      {
        "text": "Can exercise strengthen the heart muscles",
        "userDefined": false
      }
    ],
    "isTemplate": false,
    "count": 0,
    "lang": "en",
    "updated": 0
  },
  {
    "id": "32e1dd9c-135a-4ae5-b1f2-bc0586a49cca",
    "data": [
      {
        "text": "defibrillator",
        "userDefined": false
      }
    ],
    "isTemplate": false,
    "count": 0,
    "lang": "en",
    "updated": 0
  },
  {
    "id": "3499e4b0-51c6-4a6c-946b-92002b8403ae",
    "data": [
      {
        "text": "getting shocked with a defibrillator",
        "userDefined": false
      }
    ],
    "isTemplate": false,
    "count": 0,
    "lang": "en",
    "updated": 0
  },
  {
    "id": "6111807f-3e81-4cc1-b370-83689d7353ad",
    "data": [
      {
        "text": "getting a shock",
        "userDefined": false
      }
    ],
    "isTemplate": false,
    "count": 0,
    "lang": "en",
    "updated": 0
  }
]