[
  {
    "id": "5fb84885-90fd-47f6-a23a-696de44d8f10",
    "data": [
      {
        "text": "What if I cannot afford the medications?",
        "userDefined": false
      }
    ],
    "isTemplate": false,
    "count": 0,
    "lang": "en",
    "updated": 0
  },
  {
    "id": "3a85eced-027d-4580-9a64-007dd3bbdd66",
    "data": [
      {
        "text": "Should I take all the meds prescribed? What if I can\u0027t afford them?",
        "userDefined": false
      }
    ],
    "isTemplate": false,
    "count": 0,
    "lang": "en",
    "updated": 0
  },
  {
    "id": "82520903-324a-4b18-bc18-db4eb11d5a42",
    "data": [
      {
        "text": "What about medications? Should I take all the meds prescribed? What if I can\u0027t afford them?",
        "userDefined": false
      }
    ],
    "isTemplate": false,
    "count": 0,
    "lang": "en",
    "updated": 0
  }
]