[
  {
    "id": "8e0c26ba-8cad-4e65-9509-e10661054964",
    "data": [
      {
        "text": "What ages pose more danger",
        "userDefined": false
      }
    ],
    "isTemplate": false,
    "count": 0,
    "lang": "en",
    "updated": 0
  },
  {
    "id": "6d072030-6382-421d-b830-e657b17dea1a",
    "data": [
      {
        "text": "In what age groups are women most vulnerable",
        "userDefined": false
      }
    ],
    "isTemplate": false,
    "count": 0,
    "lang": "en",
    "updated": 0
  },
  {
    "id": "d25e0ff1-81d8-4e12-b3bf-655620ea0332",
    "data": [
      {
        "text": "I wonder what ages women are more in danger",
        "userDefined": false
      }
    ],
    "isTemplate": false,
    "count": 0,
    "lang": "en",
    "updated": 0
  }
]