[
  {
    "id": "48afd565-683d-4fb6-af03-75b4e6548415",
    "data": [
      {
        "text": "What are the different kinds of Angina?",
        "userDefined": false
      }
    ],
    "isTemplate": false,
    "count": 0,
    "lang": "en",
    "updated": 0
  },
  {
    "id": "0cd1a0a0-7a1f-440b-b835-e0dc04fa3e01",
    "data": [
      {
        "text": "What are types of angina?",
        "userDefined": false
      }
    ],
    "isTemplate": false,
    "count": 0,
    "lang": "en",
    "updated": 0
  }
]