[
  {
    "id": "69372756-3c09-4929-926f-0ece0f3fb70f",
    "data": [
      {
        "text": "15.\tHow do I avoid a second heart attack?",
        "userDefined": false
      }
    ],
    "isTemplate": false,
    "count": 0,
    "lang": "en",
    "updated": 0
  },
  {
    "id": "aafb95e7-8772-4722-9b09-d3fb9a1ee8dc",
    "data": [
      {
        "text": "How do I avoid a ",
        "userDefined": false
      },
      {
        "text": "2nd",
        "userDefined": false
      },
      {
        "text": " heart attack?",
        "userDefined": false
      }
    ],
    "isTemplate": false,
    "count": 0,
    "lang": "en",
    "updated": 0
  }
]