[
  {
    "id": "2fe2e61e-d730-4cdb-a650-ce9bd12b4bfc",
    "data": [
      {
        "text": "What does bad cholesterol do?",
        "userDefined": false
      }
    ],
    "isTemplate": false,
    "count": 0,
    "lang": "en",
    "updated": 0
  },
  {
    "id": "c16d52c7-a317-43c9-96a9-0ca2dad546c6",
    "data": [
      {
        "text": "What does LDL cholesterol do?",
        "userDefined": false
      }
    ],
    "isTemplate": false,
    "count": 0,
    "lang": "en",
    "updated": 0
  },
  {
    "id": "423a4de5-74a5-4820-8e58-b1ca535546ec",
    "data": [
      {
        "text": "What does LDL (bad) cholesterol do?",
        "userDefined": false
      }
    ],
    "isTemplate": false,
    "count": 0,
    "lang": "en",
    "updated": 0
  }
]