[
  {
    "id": "0af17969-5990-46e9-a573-158fe7cbda84",
    "data": [
      {
        "text": "What are ",
        "userDefined": false
      },
      {
        "text": "blood",
        "userDefined": false
      },
      {
        "text": " pressure numbers that you need to know?",
        "userDefined": false
      }
    ],
    "isTemplate": false,
    "count": 0,
    "lang": "en",
    "updated": 0
  },
  {
    "id": "36f607af-9b84-4b0e-bb84-020d3e48f19e",
    "data": [
      {
        "text": "What should my blood pressure range be?",
        "userDefined": false
      }
    ],
    "isTemplate": false,
    "count": 0,
    "lang": "en",
    "updated": 0
  },
  {
    "id": "3559457a-5b9e-42df-8441-db876faeeb59",
    "data": [
      {
        "text": "What is the normal blood pressure range",
        "userDefined": false
      }
    ],
    "isTemplate": false,
    "count": 0,
    "lang": "en",
    "updated": 0
  }
]