[
  {
    "id": "be9714af-18e7-4040-8380-72eff0f8c47d",
    "data": [
      {
        "text": "How much will I be charged for an ambulance?",
        "userDefined": false
      }
    ],
    "isTemplate": false,
    "count": 0,
    "lang": "en",
    "updated": 0
  },
  {
    "id": "bfe88e86-8dd4-4a42-9a00-3e08e6fac7af",
    "data": [
      {
        "text": "Will I be charged for an ambulance?",
        "userDefined": false
      }
    ],
    "isTemplate": false,
    "count": 0,
    "lang": "en",
    "updated": 0
  },
  {
    "id": "a624080b-2250-44ef-90aa-b8f981334234",
    "data": [
      {
        "text": "Am I going to be charged for an ambulance? If so, how much?",
        "userDefined": false
      }
    ],
    "isTemplate": false,
    "count": 0,
    "lang": "en",
    "updated": 0
  }
]