[
  {
    "id": "b2285b52-ec14-404f-9b89-86f74167f9e3",
    "data": [
      {
        "text": "How do you diagnose angina?",
        "userDefined": false
      }
    ],
    "isTemplate": false,
    "count": 0,
    "lang": "en",
    "updated": 0
  },
  {
    "id": "6bdcac39-9904-47e3-a488-7d3d96ab3e03",
    "data": [
      {
        "text": "How do you get a diagnosis of angina?",
        "userDefined": false
      }
    ],
    "isTemplate": false,
    "count": 0,
    "lang": "en",
    "updated": 0
  }
]