[
  {
    "id": "4fcbff5e-2b25-4cd6-a4eb-1dabde2fafeb",
    "data": [
      {
        "text": "Is there a special diet that you should adopt to reduce or keep risk at bay?",
        "userDefined": false
      }
    ],
    "isTemplate": false,
    "count": 0,
    "lang": "en",
    "updated": 0
  },
  {
    "id": "a64e67e5-b5f8-49d3-b956-0501ff4610ae",
    "data": [
      {
        "text": "What should I eat and not eat to prevent heart disease",
        "userDefined": false
      }
    ],
    "isTemplate": false,
    "count": 0,
    "lang": "en",
    "updated": 0
  },
  {
    "id": "4a0955c5-05aa-4b2a-a9ef-b6f226820161",
    "data": [
      {
        "text": "What should our diet be to prevent heart disease",
        "userDefined": false
      }
    ],
    "isTemplate": false,
    "count": 0,
    "lang": "en",
    "updated": 0
  },
  {
    "id": "e6348447-c325-4b6c-b7f3-77f58ca6f54a",
    "data": [
      {
        "text": "What diet is harmful for us",
        "userDefined": false
      }
    ],
    "isTemplate": false,
    "count": 0,
    "lang": "en",
    "updated": 0
  },
  {
    "id": "c6eaaa16-1940-46f1-b8a1-2874f1ca393d",
    "data": [
      {
        "text": "What diet is healthy to avoid",
        "userDefined": false
      }
    ],
    "isTemplate": false,
    "count": 0,
    "lang": "en",
    "updated": 0
  }
]