[
  {
    "id": "57cb6a51-65de-4e21-b371-41833d43131b",
    "data": [
      {
        "text": "Do diet and exercise play a part in early menopause?",
        "userDefined": false
      }
    ],
    "isTemplate": false,
    "count": 0,
    "lang": "en",
    "updated": 0
  },
  {
    "id": "71f72630-b1be-41de-8186-80ea41f4999c",
    "data": [
      {
        "text": "What causes early menopause?",
        "userDefined": false
      }
    ],
    "isTemplate": false,
    "count": 0,
    "lang": "en",
    "updated": 0
  },
  {
    "id": "a00ca62f-3acb-4353-8d4a-bd0bd7ba3bae",
    "data": [
      {
        "text": "Last week",
        "meta": "@sys.date-period",
        "alias": "date-period",
        "userDefined": false
      },
      {
        "text": " you mentioned some women experience early menopause. What causes that? Does it have to do with our diet and how active we are?",
        "userDefined": false
      }
    ],
    "isTemplate": false,
    "count": 0,
    "lang": "en",
    "updated": 0
  }
]