[
  {
    "id": "e611272c-a9e6-4363-8c8d-cc4dd83baaf0",
    "data": [
      {
        "text": "Does heart disease depend on family history?",
        "userDefined": false
      }
    ],
    "isTemplate": false,
    "count": 0,
    "lang": "en",
    "updated": 0
  },
  {
    "id": "1acb5e44-29c6-4e6a-9c61-be7b9624b138",
    "data": [
      {
        "text": "Is heart disease genetic or hereditary?",
        "userDefined": false
      }
    ],
    "isTemplate": false,
    "count": 0,
    "lang": "en",
    "updated": 0
  },
  {
    "id": "034295dd-8c46-4e47-adf8-41add80f54fe",
    "data": [
      {
        "text": "If one member of the family has it , can it be possible for another member not to have it? Or is it genetic ?",
        "userDefined": false
      }
    ],
    "isTemplate": false,
    "count": 0,
    "lang": "en",
    "updated": 0
  }
]