[
  {
    "id": "d08a6e8b-9afb-4a45-84ca-7fb33d44e3f5",
    "data": [
      {
        "text": "What does good cholesterol do?",
        "userDefined": false
      }
    ],
    "isTemplate": false,
    "count": 0,
    "lang": "en",
    "updated": 0
  },
  {
    "id": "db1b2067-b97e-419e-b3a3-0070960b89e5",
    "data": [
      {
        "text": "What does HDL do?",
        "userDefined": false
      }
    ],
    "isTemplate": false,
    "count": 0,
    "lang": "en",
    "updated": 0
  },
  {
    "id": "832eadb3-a2e1-4978-b449-74ca8181291d",
    "data": [
      {
        "text": "What does HDL (good) cholesterol do?",
        "userDefined": false
      }
    ],
    "isTemplate": false,
    "count": 0,
    "lang": "en",
    "updated": 0
  }
]