[
  {
    "id": "8eb8e96b-137d-4fef-b35b-08d16da1573f",
    "data": [
      {
        "text": "What is high BP",
        "userDefined": false
      }
    ],
    "isTemplate": false,
    "count": 0,
    "lang": "en",
    "updated": 0
  },
  {
    "id": "96eae2c4-059c-460e-969a-0fdf03042e48",
    "data": [
      {
        "text": "What is high ",
        "userDefined": false
      },
      {
        "text": "blood",
        "meta": "@medicine_heart_attck",
        "alias": "medicine_heart_attck",
        "userDefined": false
      },
      {
        "text": " pressure (BP)?",
        "userDefined": false
      }
    ],
    "isTemplate": false,
    "count": 0,
    "lang": "en",
    "updated": 0
  }
]