[
  {
    "id": "bf1c4c87-45c3-4db2-b03e-fd0439dd8b7c",
    "data": [
      {
        "text": "Do I need insurance?",
        "userDefined": false
      }
    ],
    "isTemplate": false,
    "count": 0,
    "lang": "en",
    "updated": 0
  },
  {
    "id": "01379ca0-c392-4629-920c-38dd61ae430d",
    "data": [
      {
        "text": "What if I don\u0027t have insurance?",
        "userDefined": false
      }
    ],
    "isTemplate": false,
    "count": 0,
    "lang": "en",
    "updated": 0
  }
]