[
  {
    "id": "f94141c6-b0cd-460e-bc05-76fe0c1aca1f",
    "data": [
      {
        "text": "Prevention for women over 40",
        "userDefined": false
      }
    ],
    "isTemplate": false,
    "count": 0,
    "lang": "en",
    "updated": 0
  },
  {
    "id": "9f85ba77-0278-4de5-a813-207d47ae73d9",
    "data": [
      {
        "text": "Is there a test my doctor can give me to see if I might have heart disease in the future?",
        "userDefined": false
      }
    ],
    "isTemplate": false,
    "count": 0,
    "lang": "en",
    "updated": 0
  }
]