[
  {
    "id": "8c18133f-04a3-404e-9e24-7d412f008657",
    "data": [
      {
        "text": "How can I totally avoid having a heart attack?",
        "userDefined": false
      }
    ],
    "isTemplate": false,
    "count": 0,
    "lang": "en",
    "updated": 0
  },
  {
    "id": "b8965562-288d-44c8-820a-5278f3553411",
    "data": [
      {
        "text": "I have one question. How often and how long should you exercise a week to prevent heart disease?",
        "userDefined": false
      }
    ],
    "isTemplate": false,
    "count": 0,
    "lang": "en",
    "updated": 0
  },
  {
    "id": "19787540-8615-40a6-864f-828bb4a1149c",
    "data": [
      {
        "text": "Are there specific measures I should take to prevent heart problems as an African American woman?",
        "userDefined": false
      }
    ],
    "isTemplate": false,
    "count": 0,
    "lang": "en",
    "updated": 0
  },
  {
    "id": "1725b946-915b-4afb-9509-1b5c431776e5",
    "data": [
      {
        "text": "Are there specific measures I should take to prevent heart problems as a hispanic woman?",
        "userDefined": false
      }
    ],
    "isTemplate": false,
    "count": 0,
    "lang": "en",
    "updated": 0
  },
  {
    "id": "b15eed2e-b6a4-47ad-a138-60ce8b0d5b7b",
    "data": [
      {
        "text": "How can I avoid heart disease?",
        "userDefined": false
      }
    ],
    "isTemplate": false,
    "count": 0,
    "lang": "en",
    "updated": 0
  },
  {
    "id": "8d120c69-32e1-4aba-bea1-a71cba641c41",
    "data": [
      {
        "text": "What are some preventative cares?",
        "userDefined": false
      }
    ],
    "isTemplate": false,
    "count": 0,
    "lang": "en",
    "updated": 0
  },
  {
    "id": "f1890a88-3f76-4552-bba6-d835ae484eb3",
    "data": [
      {
        "text": "How can I reduce the risk of facing heart disease",
        "userDefined": false
      }
    ],
    "isTemplate": false,
    "count": 0,
    "lang": "en",
    "updated": 0
  },
  {
    "id": "b2447c29-92b5-4c2e-843f-46890cf94154",
    "data": [
      {
        "text": "What steps shall I take to minimize the chance of facing heart attacks?",
        "userDefined": false
      }
    ],
    "isTemplate": false,
    "count": 0,
    "lang": "en",
    "updated": 0
  },
  {
    "id": "53078f75-439f-4fe9-8d40-7f6cbb34bd22",
    "data": [
      {
        "text": "Can you tell me some ways to prevent heart diseases?",
        "userDefined": false
      }
    ],
    "isTemplate": false,
    "count": 0,
    "lang": "en",
    "updated": 0
  },
  {
    "id": "97e2c861-2b9c-4c37-b3c5-58571f3bdfdc",
    "data": [
      {
        "text": "How can I prevent heart disease?",
        "userDefined": false
      }
    ],
    "isTemplate": false,
    "count": 0,
    "lang": "en",
    "updated": 0
  }
]