[
  {
    "id": "a2472dc6-7120-4472-bdc3-30592f293d66",
    "data": [
      {
        "text": "\r Besides exercise, are there other things I should do to recover from a heart attack?",
        "userDefined": false
      }
    ],
    "isTemplate": false,
    "count": 0,
    "lang": "en",
    "updated": 0
  },
  {
    "id": "7f2c0425-5bd4-4b29-a33d-01840cc748ee",
    "data": [
      {
        "text": "What can I do to recover from a heart attack?",
        "userDefined": false
      }
    ],
    "isTemplate": false,
    "count": 0,
    "lang": "en",
    "updated": 0
  }
]