[
  {
    "id": "0cdd9abd-f3b7-4588-81a3-4d5a49c16c85",
    "data": [
      {
        "text": "Can you have a heart attack and not know it?",
        "userDefined": false
      }
    ],
    "isTemplate": false,
    "count": 0,
    "lang": "en",
    "updated": 0
  },
  {
    "id": "f4946125-348d-4ab7-a9c3-515f797cd904",
    "data": [
      {
        "text": "What are Silent Heart Attacks?",
        "userDefined": false
      }
    ],
    "isTemplate": false,
    "count": 0,
    "lang": "en",
    "updated": 0
  }
]