[
  {
    "id": "e1df13c5-e5fc-45d2-8bfd-63aa37476090",
    "data": [
      {
        "text": "What are the types of cholesterol?",
        "userDefined": false
      }
    ],
    "isTemplate": false,
    "count": 0,
    "lang": "en",
    "updated": 0
  },
  {
    "id": "7a0b0633-4da5-4b35-9ad4-de1122656e64",
    "data": [
      {
        "text": "What are the ",
        "userDefined": false
      },
      {
        "text": "two",
        "userDefined": false
      },
      {
        "text": " types of cholesterol?",
        "userDefined": false
      }
    ],
    "isTemplate": false,
    "count": 0,
    "lang": "en",
    "updated": 0
  }
]