[
  {
    "id": "9f1a279c-f725-4257-b3bf-1abd208b77e1",
    "data": [
      {
        "text": "What do I do in case of a heart attack?",
        "userDefined": false
      }
    ],
    "isTemplate": false,
    "count": 0,
    "lang": "en",
    "updated": 0
  },
  {
    "id": "a45fc3ad-addf-4c18-b3fa-adf0c0a717c9",
    "data": [
      {
        "text": "What do I do if I\u0027m having a heart attack?",
        "userDefined": false
      }
    ],
    "isTemplate": false,
    "count": 0,
    "lang": "en",
    "updated": 0
  }
]