[
  {
    "id": "b72b7b62-53c9-46b7-8e02-7915f5609a9b",
    "data": [
      {
        "text": "Why are Hispanic women at a greater risk of facing heart disease",
        "userDefined": false
      }
    ],
    "isTemplate": false,
    "count": 0,
    "lang": "en",
    "updated": 0
  },
  {
    "id": "0309e0fa-0d68-4c13-94f4-d8432f0033fe",
    "data": [
      {
        "text": "Why are Hispanic women more likely to ",
        "userDefined": false
      },
      {
        "text": "face",
        "userDefined": false
      },
      {
        "text": " heart disease?",
        "userDefined": false
      }
    ],
    "isTemplate": false,
    "count": 0,
    "lang": "en",
    "updated": 0
  },
  {
    "id": "bdfddcdd-c142-4975-84f0-39863b39e9f1",
    "data": [
      {
        "text": "Why does heart disease target Hispanic women?",
        "userDefined": false
      }
    ],
    "isTemplate": false,
    "count": 0,
    "lang": "en",
    "updated": 0
  }
]