[
  {
    "id": "eaebddfa-9283-4854-9fe5-883b3486118c",
    "data": [
      {
        "text": "Why are African American women more likely to ",
        "userDefined": false
      },
      {
        "text": "face",
        "userDefined": false
      },
      {
        "text": " heart diseases",
        "userDefined": false
      }
    ],
    "isTemplate": false,
    "count": 0,
    "lang": "en",
    "updated": 0
  },
  {
    "id": "81ca5cf1-80fa-478c-91fb-b6444d7997a8",
    "data": [
      {
        "text": "Why are African American women at a greater risk of facing heart disease?",
        "userDefined": false
      }
    ],
    "isTemplate": false,
    "count": 0,
    "lang": "en",
    "updated": 0
  },
  {
    "id": "b6999f13-2b54-4010-8373-e738c3cdac54",
    "data": [
      {
        "text": "But why is heart disease targeting African Americans?",
        "userDefined": false
      }
    ],
    "isTemplate": false,
    "count": 0,
    "lang": "en",
    "updated": 0
  }
]