[
  {
    "id": "48538dd0-dafe-48e8-a92c-382ed178c699",
    "data": [
      {
        "text": "I don\u0027t have any. I was so happy to be educated",
        "userDefined": false
      }
    ],
    "isTemplate": false,
    "count": 0,
    "lang": "en",
    "updated": 0
  },
  {
    "id": "338f8c3d-7c70-47f5-aafe-d44d551ec61a",
    "data": [
      {
        "text": "no",
        "userDefined": false
      }
    ],
    "isTemplate": false,
    "count": 0,
    "lang": "en",
    "updated": 0
  },
  {
    "id": "53185d34-1ebb-47df-b408-960b55998c6e",
    "data": [
      {
        "text": "no I think I am good",
        "userDefined": false
      }
    ],
    "isTemplate": false,
    "count": 0,
    "lang": "en",
    "updated": 0
  },
  {
    "id": "bb740ecb-4228-4d9c-8975-9d4bacfb38af",
    "data": [
      {
        "text": "no questions here",
        "userDefined": false
      }
    ],
    "isTemplate": false,
    "count": 0,
    "lang": "en",
    "updated": 0
  },
  {
    "id": "0003a184-5349-47b8-b4c1-07463afe202c",
    "data": [
      {
        "text": "none",
        "userDefined": false
      }
    ],
    "isTemplate": false,
    "count": 0,
    "lang": "en",
    "updated": 0
  },
  {
    "id": "2789098f-51f3-4d05-bc77-19b1571036b9",
    "data": [
      {
        "text": "nope",
        "userDefined": false
      }
    ],
    "isTemplate": false,
    "count": 1,
    "lang": "en",
    "updated": 0
  }
]