[
  {
    "id": "032e8f7a-90b1-4896-b735-ee1d3adf45c8",
    "data": [
      {
        "text": "I know it\u0027s incredibly difficult mentally after a heart attack- I\u0027m assuming it\u0027s building up stamina and muscle post heart attack",
        "userDefined": false
      }
    ],
    "isTemplate": false,
    "count": 0,
    "lang": "en",
    "updated": 0
  },
  {
    "id": "6c414792-06f1-4d70-a2ca-abca1b475628",
    "data": [
      {
        "text": "It\u0027s coming off of the medications after being in the hospital",
        "userDefined": false
      }
    ],
    "isTemplate": false,
    "count": 0,
    "lang": "en",
    "updated": 0
  }
]