[
  {
    "id": "c8432d78-31a1-4e6f-8e07-04cd2a88e539",
    "data": [
      {
        "text": "It should be immediately, ASAP if the ER  If its primary care physician after going to the hospital and its not then i say the soonest available appointment. Referral for speciality care is needed",
        "userDefined": false
      }
    ],
    "isTemplate": false,
    "count": 0,
    "lang": "en",
    "updated": 0
  },
  {
    "id": "b79eb398-3449-4ad6-a427-77ec2716941b",
    "data": [
      {
        "text": "Don\u0027t wait, because you don\u0027t know how what is actually happening in your blood vessels and you can\u0027t survive if your heart isn\u0027t working properly",
        "userDefined": false
      }
    ],
    "isTemplate": false,
    "count": 0,
    "lang": "en",
    "updated": 0
  },
  {
    "id": "7ac93c23-a7a3-4a2a-8ea3-4881cc3efcb2",
    "data": [
      {
        "text": "You shouldn\u0027t wait to see a doctor because the longer you wait, the more damage could be done to your heart muscles",
        "userDefined": false
      }
    ],
    "isTemplate": false,
    "count": 0,
    "lang": "en",
    "updated": 0
  },
  {
    "id": "71023ae8-9341-4cf7-95ab-f2e0c1eb65c4",
    "data": [
      {
        "text": "I am not sure but asap",
        "userDefined": false
      }
    ],
    "isTemplate": false,
    "count": 0,
    "lang": "en",
    "updated": 0
  },
  {
    "id": "4b264477-fcbe-479c-b6e7-212741722b22",
    "data": [
      {
        "text": "Should probably go asap",
        "userDefined": false
      }
    ],
    "isTemplate": false,
    "count": 0,
    "lang": "en",
    "updated": 0
  },
  {
    "id": "e5fddba8-7239-424c-b5c9-2f66c781f7b9",
    "data": [
      {
        "text": "ASAP",
        "userDefined": false
      }
    ],
    "isTemplate": false,
    "count": 0,
    "lang": "en",
    "updated": 0
  },
  {
    "id": "7da99c80-1b5a-4d89-9370-f57edcef3e40",
    "data": [
      {
        "text": "As soon as possible",
        "userDefined": false
      }
    ],
    "isTemplate": false,
    "count": 0,
    "lang": "en",
    "updated": 0
  },
  {
    "id": "6da85c90-7632-4a2e-b5d3-082cb8825b04",
    "data": [
      {
        "text": "Immediately",
        "userDefined": false
      }
    ],
    "isTemplate": false,
    "count": 0,
    "lang": "en",
    "updated": 0
  },
  {
    "id": "11227b4b-f7cf-4a5b-b7b7-6940ece19828",
    "data": [
      {
        "text": "Do not wait",
        "userDefined": false
      }
    ],
    "isTemplate": false,
    "count": 0,
    "lang": "en",
    "updated": 0
  }
]