[
  {
    "id": "eaefca09-c1e7-468d-a7af-f7c3ce821360",
    "data": [
      {
        "text": "Because there is a train professional on the other side of the line that can tell you exactly what to do, until the paramedics get there, that could help save your life",
        "userDefined": false
      }
    ],
    "isTemplate": false,
    "count": 0,
    "lang": "en",
    "updated": 0
  },
  {
    "id": "e69c9fc0-6df2-4dfe-9382-3dff4628b58c",
    "data": [
      {
        "text": "Well, the family cant save you like an EMT could",
        "userDefined": false
      }
    ],
    "isTemplate": false,
    "count": 0,
    "lang": "en",
    "updated": 0
  },
  {
    "id": "70a273a8-d5a8-4f42-8411-a0cbae96212b",
    "data": [
      {
        "text": "Bc 911 operators are better trained on how to respond to these type of calls, compared to a friend or loved one",
        "userDefined": false
      }
    ],
    "isTemplate": false,
    "count": 0,
    "lang": "en",
    "updated": 0
  },
  {
    "id": "25d64ba2-07e0-439d-8272-8996f8167158",
    "data": [
      {
        "text": "Because paramedics can do interventions or give medication that can save your life. Also, getting to the hospital within a certain time frame is important",
        "userDefined": false
      }
    ],
    "isTemplate": false,
    "count": 0,
    "lang": "en",
    "updated": 0
  },
  {
    "id": "11af8336-b6dd-4a87-80aa-f844d6a090d5",
    "data": [
      {
        "text": "Help will arrive sooner if you call 911 and the operator can tell you what to do/not do to exacerbate symptoms/damage. Also a friend or loved one may try to talk you out of seeking medical attention",
        "userDefined": false
      }
    ],
    "isTemplate": false,
    "count": 0,
    "lang": "en",
    "updated": 0
  },
  {
    "id": "0e28dbad-d481-435d-bfc9-90d7fbe78fcc",
    "data": [
      {
        "text": "Because 911 is going to be much quicker and informed than calling my mom haha",
        "userDefined": false
      }
    ],
    "isTemplate": false,
    "count": 0,
    "lang": "en",
    "updated": 0
  },
  {
    "id": "c1f61297-81c0-4ead-a0f9-4677d84ce9bf",
    "data": [
      {
        "text": "Time is of the essence and it\u0027s important to get help right away. Family might not be equipped to help",
        "userDefined": false
      }
    ],
    "isTemplate": false,
    "count": 0,
    "lang": "en",
    "updated": 0
  },
  {
    "id": "579e6973-da1c-4363-865c-b427b558fbcd",
    "data": [
      {
        "text": "Because it can escalate quickly so it\u0027s important to get medical help right away",
        "userDefined": false
      }
    ],
    "isTemplate": false,
    "count": 0,
    "lang": "en",
    "updated": 0
  },
  {
    "id": "0afa0786-8b0a-4c66-b7aa-d16d40099e2f",
    "data": [
      {
        "text": "Because every second counts! And your friend/family member is probably just going to call 911, so it\u0027s best to cut out the middle man",
        "userDefined": false
      }
    ],
    "isTemplate": false,
    "count": 0,
    "lang": "en",
    "updated": 0
  },
  {
    "id": "9fb70025-e9cd-4175-b183-3acc3e3b5543",
    "data": [
      {
        "text": "Because it\u0027s important to get help quickly so that your heart can continue to get blood. Also the 911 operators/responders will be more knowledgeable about what to do",
        "userDefined": false
      }
    ],
    "isTemplate": false,
    "count": 0,
    "lang": "en",
    "updated": 0
  },
  {
    "id": "3235cb6d-6755-490b-bfbf-0b1d91945d73",
    "data": [
      {
        "text": "Immediate medical intervention could be necessary. You may lose consciousness.",
        "userDefined": false
      }
    ],
    "isTemplate": false,
    "count": 0,
    "lang": "en",
    "updated": 0
  },
  {
    "id": "2d823145-d396-40d6-a974-f89a374d383c",
    "data": [
      {
        "text": "As much as it would be nice for a family/ friend to come to aid you- emergency services is more important as the damage to your heart could increase in a delay in response",
        "userDefined": false
      }
    ],
    "isTemplate": false,
    "count": 0,
    "lang": "en",
    "updated": 0
  },
  {
    "id": "3dad2534-5e3b-44ab-81d4-445b91861c0f",
    "data": [
      {
        "text": "Because they can immediately dispatch an ambulance that contains the necessary equipment to start up and stabilize the heart",
        "userDefined": false
      }
    ],
    "isTemplate": false,
    "count": 0,
    "lang": "en",
    "updated": 0
  },
  {
    "id": "c5f095f9-c5a6-460e-9124-6767bed6f470",
    "data": [
      {
        "text": "Time",
        "userDefined": false
      }
    ],
    "isTemplate": false,
    "count": 0,
    "lang": "en",
    "updated": 0
  },
  {
    "id": "f65ab14f-8c62-4433-8c17-b43cff88fb63",
    "data": [
      {
        "text": "More damage can happen if wait",
        "userDefined": false
      }
    ],
    "isTemplate": false,
    "count": 0,
    "lang": "en",
    "updated": 0
  },
  {
    "id": "31807d4d-d162-493d-9eab-1394d06045cd",
    "data": [
      {
        "text": "Treatment timing is important",
        "userDefined": false
      }
    ],
    "isTemplate": false,
    "count": 0,
    "lang": "en",
    "updated": 0
  },
  {
    "id": "9912285b-9d84-4adc-9774-dba06f7761f6",
    "data": [
      {
        "text": "To get life-saving care",
        "userDefined": false
      }
    ],
    "isTemplate": false,
    "count": 0,
    "lang": "en",
    "updated": 0
  },
  {
    "id": "5626fc86-93ae-4f38-8aab-726509254471",
    "data": [
      {
        "text": "I will receive urgent care",
        "userDefined": false
      }
    ],
    "isTemplate": false,
    "count": 0,
    "lang": "en",
    "updated": 0
  }
]