[
  {
    "value": "Clot busters",
    "synonyms": [
      "Clot busters",
      "thrombolytics"
    ]
  },
  {
    "value": "Aspirin",
    "synonyms": [
      "Aspirin"
    ]
  },
  {
    "value": "Blood thinners",
    "synonyms": [
      "Blood Thinners"
    ]
  },
  {
    "value": "nitrates",
    "synonyms": [
      "nitrates"
    ]
  },
  {
    "value": "beta blockers",
    "synonyms": [
      "beta blockers"
    ]
  },
  {
    "value": "ACE inhibitors",
    "synonyms": [
      "ACE inhibitors"
    ]
  }
]