[
  {
    "id": "b96117a2-3775-47b1-9cc3-d525ce67a93d",
    "data": [
      {
        "text": "When the heart muscle doesn\u0027t get enough oxygen rich blood",
        "userDefined": false
      }
    ],
    "isTemplate": false,
    "count": 0,
    "lang": "en",
    "updated": 0
  },
  {
    "id": "7a523b21-5e13-4d86-a016-32d0986976fa",
    "data": [
      {
        "text": "Sorry I\u0027m at work lol but angina is like chest pain that some may think their having a heart attack",
        "userDefined": false
      }
    ],
    "isTemplate": false,
    "count": 0,
    "lang": "en",
    "updated": 0
  },
  {
    "id": "73945193-6388-4f05-911d-ceaafc94fd53",
    "data": [
      {
        "text": "A type of chest pain caused by reduced blood flow to the heart. Angina is a symptom of coronary artery disease.",
        "userDefined": false
      }
    ],
    "isTemplate": false,
    "count": 0,
    "lang": "en",
    "updated": 0
  },
  {
    "id": "63d191f1-0d59-4e19-8f95-6ce6d4ffa711",
    "data": [
      {
        "text": "Angina is tightness in your chest (I think)",
        "userDefined": false
      }
    ],
    "isTemplate": false,
    "count": 0,
    "lang": "en",
    "updated": 0
  },
  {
    "id": "00f643d5-6c78-494d-8c3d-b18eea6e29fd",
    "data": [
      {
        "text": "Chest pain due to narrowing of the heart arteries",
        "userDefined": false
      }
    ],
    "isTemplate": false,
    "count": 0,
    "lang": "en",
    "updated": 0
  },
  {
    "id": "8f72a3f0-b347-4360-a379-83484dec5c17",
    "data": [
      {
        "text": "It\u0027s something where you\u0027re gasping for breath a lot? Oxygen not getting where it needs to?",
        "userDefined": false
      }
    ],
    "isTemplate": false,
    "count": 0,
    "lang": "en",
    "updated": 0
  },
  {
    "id": "40493fa7-80b6-4b34-a9b7-899b9c8c44c6",
    "data": [
      {
        "text": "Some kind of heart issue. Maybe clogging of the arteries?",
        "userDefined": false
      }
    ],
    "isTemplate": false,
    "count": 0,
    "lang": "en",
    "updated": 0
  },
  {
    "id": "da94425b-e94b-4eeb-b0d6-53398c02042c",
    "data": [
      {
        "text": "Interesting. And scary. Is it like a fake heart attack kinda? Like chest pain but not a real heart attack?",
        "userDefined": false
      }
    ],
    "isTemplate": false,
    "count": 0,
    "lang": "en",
    "updated": 0
  },
  {
    "id": "18d245c7-272b-4238-be42-ecfb113cf37b",
    "data": [
      {
        "text": "Angina is a condition in the heart that has to do with the muscles of the heart",
        "userDefined": false
      }
    ],
    "isTemplate": false,
    "count": 0,
    "lang": "en",
    "updated": 0
  },
  {
    "id": "5c4767bc-ad71-46de-9ca4-ff8e44254ea6",
    "data": [
      {
        "text": "Is that another name for chest pain?",
        "userDefined": false
      }
    ],
    "isTemplate": false,
    "count": 0,
    "lang": "en",
    "updated": 0
  },
  {
    "id": "18571aa2-b600-46c7-ac32-35ecfabaec10",
    "data": [
      {
        "text": "Angina is chest pain right?",
        "userDefined": false
      }
    ],
    "isTemplate": false,
    "count": 0,
    "lang": "en",
    "updated": 0
  },
  {
    "id": "dccacedb-ec5b-4dcc-abde-78976252626e",
    "data": [
      {
        "text": "I want to say it\u0027s related to pain from heart disease",
        "userDefined": false
      }
    ],
    "isTemplate": false,
    "count": 0,
    "lang": "en",
    "updated": 0
  },
  {
    "id": "4b449887-dd16-4ed4-9462-664d7c169afa",
    "data": [
      {
        "text": "Pain in the chest",
        "userDefined": false
      }
    ],
    "isTemplate": false,
    "count": 0,
    "lang": "en",
    "updated": 0
  },
  {
    "id": "e094af9c-50bd-4ce0-98cc-ea9127ce160f",
    "data": [
      {
        "text": "Chest pain",
        "userDefined": false
      }
    ],
    "isTemplate": false,
    "count": 0,
    "lang": "en",
    "updated": 0
  },
  {
    "id": "59721b7c-fd8b-4af2-a903-7d2b8b2e8d57",
    "data": [
      {
        "text": "Angina is chest pain",
        "userDefined": false
      }
    ],
    "isTemplate": false,
    "count": 0,
    "lang": "en",
    "updated": 0
  }
]