[
  {
    "id": "e26baf67-bedf-406e-b3e2-c277d8314b12",
    "data": [
      {
        "text": "Hi I am ",
        "userDefined": false
      },
      {
        "text": "Erik",
        "meta": "@sys.person",
        "alias": "person",
        "userDefined": true
      }
    ],
    "isTemplate": false,
    "count": 0,
    "lang": "en",
    "updated": 0
  },
  {
    "id": "dab48b8c-f446-4e78-8aaf-275d5cdbfa2c",
    "data": [
      {
        "text": "Hello Heartbot my name is ",
        "userDefined": false
      },
      {
        "text": "Raj",
        "meta": "@sys.person",
        "alias": "person",
        "userDefined": false
      }
    ],
    "isTemplate": false,
    "count": 0,
    "lang": "en",
    "updated": 0
  },
  {
    "id": "8a76441a-8cbd-4b99-8a1f-bb4c1f18dfdc",
    "data": [
      {
        "text": "Sure, my name is ",
        "userDefined": false
      },
      {
        "text": "Kenji",
        "meta": "@sys.person",
        "alias": "person",
        "userDefined": true
      }
    ],
    "isTemplate": false,
    "count": 1,
    "lang": "en",
    "updated": 0
  },
  {
    "id": "0083ef88-2868-43a8-8944-3e098dd55c7a",
    "data": [
      {
        "text": "Hi, I am ",
        "userDefined": false
      },
      {
        "text": "Sarah",
        "meta": "@sys.person",
        "alias": "person",
        "userDefined": true
      }
    ],
    "isTemplate": false,
    "count": 2,
    "lang": "en",
    "updated": 0
  },
  {
    "id": "7aac036a-55e5-468a-9f43-c8dbb456ff73",
    "data": [
      {
        "text": "Hello, my name is ",
        "userDefined": false
      },
      {
        "text": "Lauren",
        "meta": "@sys.person",
        "alias": "person",
        "userDefined": true
      },
      {
        "text": ".",
        "userDefined": false
      }
    ],
    "isTemplate": false,
    "count": 0,
    "lang": "en",
    "updated": 0
  }
]