[
  {
    "id": "fffd2123-3074-4a82-9a50-1da2260bc75c",
    "data": [
      {
        "text": "I think women struggle more after a heart attack because women tend to try to continue to take care of everyone else!",
        "userDefined": false
      }
    ],
    "isTemplate": false,
    "count": 0,
    "lang": "en",
    "updated": 0
  },
  {
    "id": "fda7711c-f429-497c-ae3e-3acaa99b6b97",
    "data": [
      {
        "text": "Women because men have women as caretakers",
        "userDefined": false
      }
    ],
    "isTemplate": false,
    "count": 0,
    "lang": "en",
    "updated": 0
  },
  {
    "id": "be7df3bf-5da2-40ed-be54-98a628c7b207",
    "data": [
      {
        "text": "I think women because they tend to ignore their symptoms",
        "userDefined": false
      }
    ],
    "isTemplate": false,
    "count": 0,
    "lang": "en",
    "updated": 0
  },
  {
    "id": "4ebaf846-1745-4de6-a171-5ba2618351ce",
    "data": [
      {
        "text": "Oh that\u0027s interesting. I wonder if it\u0027s because women are less likely to take care of themselves because we\u0027re typically the homemakers and whatnot.",
        "userDefined": false
      }
    ],
    "isTemplate": false,
    "count": 0,
    "lang": "en",
    "updated": 0
  },
  {
    "id": "e4fb4296-907e-45e1-979e-200d086c6ec2",
    "data": [
      {
        "text": "I\u0027d say women, if we develop it later in life, then I\u0027d say we have less of a chance of recovering well due to advanced age.",
        "userDefined": false
      }
    ],
    "isTemplate": false,
    "count": 0,
    "lang": "en",
    "updated": 0
  },
  {
    "id": "22c522b0-044a-4c07-81ad-83e8cae19ac7",
    "data": [
      {
        "text": "I guess with that information I\u0027m going to say women? They probably brush off the symptoms more than men",
        "userDefined": false
      }
    ],
    "isTemplate": false,
    "count": 0,
    "lang": "en",
    "updated": 0
  },
  {
    "id": "3b46485c-9381-4d6e-99ee-b8900244fb68",
    "data": [
      {
        "text": "Hmm-I think women because maybe they are more apt to take care of themselves",
        "userDefined": false
      }
    ],
    "isTemplate": false,
    "count": 0,
    "lang": "en",
    "updated": 0
  },
  {
    "id": "f3043a5b-4d5d-432f-afad-1cf3667404fe",
    "data": [
      {
        "text": "Females",
        "userDefined": false
      }
    ],
    "isTemplate": false,
    "count": 0,
    "lang": "en",
    "updated": 0
  },
  {
    "id": "b678695e-8b91-487a-8e8e-00770d9cb6f6",
    "data": [
      {
        "text": "Women",
        "userDefined": false
      }
    ],
    "isTemplate": false,
    "count": 0,
    "lang": "en",
    "updated": 0
  }
]