[
  {
    "id": "04b9bf24-3435-4d3d-995b-1db18a56ed63",
    "data": [
      {
        "text": "Both? I\u0027m not sure if the heart attack discriminate for gender",
        "userDefined": false
      }
    ],
    "isTemplate": false,
    "count": 0,
    "lang": "en",
    "updated": 0
  },
  {
    "id": "8b44c815-f03e-447e-aba0-bbf3806da72d",
    "data": [
      {
        "text": "Based off how they handle colds I\u0027d say men 😅",
        "userDefined": false
      }
    ],
    "isTemplate": false,
    "count": 0,
    "lang": "en",
    "updated": 0
  },
  {
    "id": "a4f4b649-a729-4f39-a3c1-c652aab3be49",
    "data": [
      {
        "text": "Men bc they don\u0027t go to the doctor",
        "userDefined": false
      }
    ],
    "isTemplate": false,
    "count": 0,
    "lang": "en",
    "updated": 0
  },
  {
    "id": "16088409-ead7-40f8-8bdb-d643c1f322b3",
    "data": [
      {
        "text": "I think men probably take it harder",
        "userDefined": false
      }
    ],
    "isTemplate": false,
    "count": 0,
    "lang": "en",
    "updated": 0
  },
  {
    "id": "45c30255-582a-472c-9678-6a934bfc8053",
    "data": [
      {
        "text": "I am guessing men, since the larger arteries are involved and I like to generalize that women seek health care more readily.",
        "userDefined": false
      }
    ],
    "isTemplate": false,
    "count": 0,
    "lang": "en",
    "updated": 0
  },
  {
    "id": "44df5be2-e1c3-4359-98f2-23cc0f0e8297",
    "data": [
      {
        "text": "I know a lot of men die from heart attack so I think its Men",
        "userDefined": false
      }
    ],
    "isTemplate": false,
    "count": 0,
    "lang": "en",
    "updated": 0
  },
  {
    "id": "fe5625e2-129e-4339-b6ca-3e389c4a96d5",
    "data": [
      {
        "text": "I would think men because they tend to get heart disease in the larger coronary arteries",
        "userDefined": false
      }
    ],
    "isTemplate": false,
    "count": 0,
    "lang": "en",
    "updated": 0
  },
  {
    "id": "ca0ab4cd-f738-4175-8252-7620697b1d54",
    "data": [
      {
        "text": "Man",
        "userDefined": false
      }
    ],
    "isTemplate": false,
    "count": 0,
    "lang": "en",
    "updated": 0
  },
  {
    "id": "6c07a1f2-2b3a-479f-8d0a-0277b3dcb1fd",
    "data": [
      {
        "text": "Males",
        "userDefined": false
      }
    ],
    "isTemplate": false,
    "count": 0,
    "lang": "en",
    "updated": 0
  },
  {
    "id": "162c404d-b7c0-4326-aa3c-1836032b3008",
    "data": [
      {
        "text": "Guys",
        "userDefined": false
      }
    ],
    "isTemplate": false,
    "count": 0,
    "lang": "en",
    "updated": 0
  },
  {
    "id": "1d06664f-8168-4ff0-b238-5851724a34b8",
    "data": [
      {
        "text": "Men",
        "userDefined": false
      }
    ],
    "isTemplate": false,
    "count": 0,
    "lang": "en",
    "updated": 0
  },
  {
    "id": "f452da96-4f41-4e44-953a-fbbcc6292ce5",
    "data": [
      {
        "text": "Men i think",
        "userDefined": false
      }
    ],
    "isTemplate": false,
    "count": 1,
    "lang": "en",
    "updated": 0
  }
]