[
  {
    "id": "d384d557-8afb-4c5a-be5d-cef849d90f98",
    "data": [
      {
        "text": "Are estogen levels or something to do with bearing",
        "userDefined": false
      }
    ],
    "isTemplate": false,
    "count": 0,
    "lang": "en",
    "updated": 0
  },
  {
    "id": "0d3e7a60-8b8e-4e7f-be13-4103f042beb5",
    "data": [
      {
        "text": "Hormone levels?",
        "userDefined": false
      }
    ],
    "isTemplate": false,
    "count": 0,
    "lang": "en",
    "updated": 0
  },
  {
    "id": "dc94f4df-1866-4646-9bd6-128b3bbcf8d5",
    "data": [
      {
        "text": "Menopause, reduced estrogen. That\u0027s all I can think of.",
        "userDefined": false
      }
    ],
    "isTemplate": false,
    "count": 0,
    "lang": "en",
    "updated": 0
  },
  {
    "id": "84e8ff0e-9f63-42a0-996d-ad11f25fd674",
    "data": [
      {
        "text": "menopause in early ",
        "userDefined": false
      },
      {
        "text": "40s",
        "userDefined": false
      }
    ],
    "isTemplate": false,
    "count": 0,
    "lang": "en",
    "updated": 0
  },
  {
    "id": "c59d5842-659f-460a-9358-be1f6bd1419e",
    "data": [
      {
        "text": "menopause between the age of ",
        "userDefined": false
      },
      {
        "text": "40",
        "userDefined": false
      },
      {
        "text": "-",
        "userDefined": false
      },
      {
        "text": "45",
        "userDefined": false
      }
    ],
    "isTemplate": false,
    "count": 0,
    "lang": "en",
    "updated": 0
  },
  {
    "id": "0818c339-17d1-4711-a4cc-b0256e13ec70",
    "data": [
      {
        "text": "early menopause",
        "userDefined": false
      }
    ],
    "isTemplate": false,
    "count": 0,
    "lang": "en",
    "updated": 0
  },
  {
    "id": "b399dad1-1dc4-491b-a3e1-4038eaee800d",
    "data": [
      {
        "text": "drop in estrogen levels",
        "userDefined": false
      }
    ],
    "isTemplate": false,
    "count": 0,
    "lang": "en",
    "updated": 0
  },
  {
    "id": "e40e0277-70be-408c-8778-db5ee9d99307",
    "data": [
      {
        "text": "I think it\u0027s like you said earlier, getting older. So past menopause when estrogen drops. Idk others.",
        "userDefined": false
      }
    ],
    "isTemplate": false,
    "count": 0,
    "lang": "en",
    "updated": 0
  },
  {
    "id": "b148611a-b624-4242-b356-8b85173524f3",
    "data": [
      {
        "text": "Age after menopause",
        "userDefined": false
      }
    ],
    "isTemplate": false,
    "count": 0,
    "lang": "en",
    "updated": 0
  },
  {
    "id": "a31dc254-1582-4252-9f9f-680744ffd962",
    "data": [
      {
        "text": "Not sure? Hormonal changes?",
        "userDefined": false
      }
    ],
    "isTemplate": false,
    "count": 0,
    "lang": "en",
    "updated": 0
  },
  {
    "id": "5bf52f24-c1a3-464c-8e55-525ff6eb15ce",
    "data": [
      {
        "text": "Menopause",
        "userDefined": false
      }
    ],
    "isTemplate": false,
    "count": 0,
    "lang": "en",
    "updated": 0
  },
  {
    "id": "feb5561f-289c-4fa9-9a13-721f6a1d0228",
    "data": [
      {
        "text": "Transitioning through Menopause",
        "userDefined": false
      }
    ],
    "isTemplate": false,
    "count": 0,
    "lang": "en",
    "updated": 0
  }
]