[
  {
    "id": "b75d012a-7082-4b2c-a7be-6b8cb811ff0a",
    "data": [
      {
        "text": "Race, age, stress, family history",
        "userDefined": false
      }
    ],
    "isTemplate": false,
    "count": 0,
    "lang": "en",
    "updated": 0
  },
  {
    "id": "6236d54d-b40e-4f93-857b-2d22df88b587",
    "data": [
      {
        "text": "Maybe if they havent had kids?",
        "userDefined": false
      }
    ],
    "isTemplate": false,
    "count": 0,
    "lang": "en",
    "updated": 0
  },
  {
    "id": "29a20fcb-3bbf-40f1-988c-824cdd5e9fc1",
    "data": [
      {
        "text": "Maybe we carry something specific that pre- exposes our to higher risk of heart disease.",
        "userDefined": false
      }
    ],
    "isTemplate": false,
    "count": 0,
    "lang": "en",
    "updated": 0
  },
  {
    "id": "e1e91fdf-df6d-4628-a50c-f1d5efd53814",
    "data": [
      {
        "text": "Diabetes is one risk that women get whether they are overweight or they also get diabetes when they get pregnant",
        "userDefined": false
      }
    ],
    "isTemplate": false,
    "count": 0,
    "lang": "en",
    "updated": 0
  },
  {
    "id": "a1d68949-260f-454e-886a-561dce645c09",
    "data": [
      {
        "text": "I lumped physical inactivity and alcohol intake with lifestyle. for women I think weight and diet",
        "userDefined": false
      }
    ],
    "isTemplate": false,
    "count": 0,
    "lang": "en",
    "updated": 0
  },
  {
    "id": "a75279db-1d2c-4509-b8e7-ffb0fee2d8d8",
    "data": [
      {
        "text": "Is pregnancy one?",
        "userDefined": false
      }
    ],
    "isTemplate": false,
    "count": 0,
    "lang": "en",
    "updated": 0
  },
  {
    "id": "4e542e73-3276-4897-bdb8-92d141c55c96",
    "data": [
      {
        "text": "I think high blood pressure, high cholesterol, high triglycerides, and diabetes",
        "userDefined": false
      }
    ],
    "isTemplate": false,
    "count": 0,
    "lang": "en",
    "updated": 0
  },
  {
    "id": "cbda8047-049d-4e82-b8b1-caf0a2664575",
    "data": [
      {
        "text": "Family history, Y chromosome, overweight",
        "userDefined": false
      }
    ],
    "isTemplate": false,
    "count": 0,
    "lang": "en",
    "updated": 0
  },
  {
    "id": "56a3cab8-d26f-4bd0-b826-aee9d075f8c1",
    "data": [
      {
        "text": "Use of birth control?",
        "userDefined": false
      }
    ],
    "isTemplate": false,
    "count": 0,
    "lang": "en",
    "updated": 0
  },
  {
    "id": "f9dd2f1f-56c0-4d88-bc72-09aac521e1f1",
    "data": [
      {
        "text": "stress",
        "userDefined": false
      }
    ],
    "isTemplate": false,
    "count": 0,
    "lang": "en",
    "updated": 0
  },
  {
    "id": "7981f898-0b32-4c66-91f4-484d6fa7da81",
    "data": [
      {
        "text": "Overweight, sedentary lifestyle",
        "userDefined": false
      }
    ],
    "isTemplate": false,
    "count": 0,
    "lang": "en",
    "updated": 0
  },
  {
    "id": "600d1bcf-0eea-445a-8e6f-f71a90b4de96",
    "data": [
      {
        "text": "Unhealthy diet",
        "userDefined": false
      }
    ],
    "isTemplate": false,
    "count": 0,
    "lang": "en",
    "updated": 0
  },
  {
    "id": "2aa12904-dbb0-4530-b01b-8b64722382c6",
    "data": [
      {
        "text": "All that you mentioned? My mom had diabetes , hbp, high cholesterol,smoked. So I assume those are specific for women",
        "userDefined": false
      }
    ],
    "isTemplate": false,
    "count": 0,
    "lang": "en",
    "updated": 0
  },
  {
    "id": "cbbd0559-0599-44c7-b12e-d8caaac6784c",
    "data": [
      {
        "text": "Same as above",
        "userDefined": false
      }
    ],
    "isTemplate": false,
    "count": 0,
    "lang": "en",
    "updated": 0
  },
  {
    "id": "e922a3e4-4cd7-4bdd-b637-44a0dadcaed9",
    "data": [
      {
        "text": "I don\u0027t know",
        "userDefined": false
      }
    ],
    "isTemplate": false,
    "count": 0,
    "lang": "en",
    "updated": 0
  }
]