[
  {
    "id": "0b638118-a9bc-44c7-bf63-7e0de1ba9988",
    "data": [
      {
        "text": "Heart pain.irregular blood flow",
        "userDefined": false
      }
    ],
    "isTemplate": false,
    "count": 0,
    "lang": "en",
    "updated": 0
  },
  {
    "id": "205d3aea-b7aa-4775-9be1-d56416948c5f",
    "data": [
      {
        "text": "Heart papalation and loss of oxygen",
        "userDefined": false
      }
    ],
    "isTemplate": false,
    "count": 0,
    "lang": "en",
    "updated": 0
  },
  {
    "id": "ebe650c6-e0a4-4c2f-b67e-ac6a42866dc6",
    "data": [
      {
        "text": "diarrhea",
        "userDefined": false
      }
    ],
    "isTemplate": false,
    "count": 0,
    "lang": "en",
    "updated": 0
  },
  {
    "id": "898a5558-2fd8-4c04-a0a7-329d961b68cc",
    "data": [
      {
        "text": "upper back pain",
        "userDefined": false
      }
    ],
    "isTemplate": false,
    "count": 0,
    "lang": "en",
    "updated": 0
  },
  {
    "id": "92ae13f8-ce50-4753-bcb5-2cb65d16079c",
    "data": [
      {
        "text": "My understanding is men feel in chest \u0026 women back???",
        "userDefined": false
      }
    ],
    "isTemplate": false,
    "count": 0,
    "lang": "en",
    "updated": 0
  },
  {
    "id": "f3b6401a-2678-4d34-811f-a4985999a752",
    "data": [
      {
        "text": "From my understanding you might feel clammy, sweaty, dizzy. Not totally sure how both hear attack and stroke are related (does one come before the other?) my mom has a slight stroke at the time of her HA",
        "userDefined": false
      }
    ],
    "isTemplate": false,
    "count": 0,
    "lang": "en",
    "updated": 0
  },
  {
    "id": "35ff4b3e-6deb-46ae-93f6-62b0ca35bbe2",
    "data": [
      {
        "text": "It\u0027s when your heart goes really fast and you can\u0027t breathe",
        "userDefined": false
      }
    ],
    "isTemplate": false,
    "count": 0,
    "lang": "en",
    "updated": 0
  },
  {
    "id": "de442ba5-5b81-46c0-8ef7-3af8ec5f88a7",
    "data": [
      {
        "text": "I don\u0027t know",
        "userDefined": false
      }
    ],
    "isTemplate": false,
    "count": 0,
    "lang": "en",
    "updated": 0
  }
]