[
  {
    "id": "26c50ad9-176e-471a-8dcc-e8b162a95b22",
    "data": [
      {
        "text": "It\u0027s a lack of circulation to a part of the heart.",
        "userDefined": false
      }
    ],
    "isTemplate": false,
    "count": 0,
    "lang": "en",
    "updated": 0
  },
  {
    "id": "37afd990-5226-4eb7-8a83-6dca5a26b16b",
    "data": [
      {
        "text": "Infarction of heart tissue",
        "userDefined": false
      }
    ],
    "isTemplate": false,
    "count": 0,
    "lang": "en",
    "updated": 0
  },
  {
    "id": "af001280-bb7c-4988-8572-e0c293d62ca3",
    "data": [
      {
        "text": "When blood flow to/from the heart is obstructed making it hard to get oxygen around the body",
        "userDefined": false
      }
    ],
    "isTemplate": false,
    "count": 0,
    "lang": "en",
    "updated": 0
  },
  {
    "id": "7987d90a-03ac-4195-a263-13d1bb0c4d07",
    "data": [
      {
        "text": "Chest pressure, nausea, impending doom, arm pain",
        "userDefined": false
      }
    ],
    "isTemplate": false,
    "count": 0,
    "lang": "en",
    "updated": 0
  },
  {
    "id": "5432e3fd-45e4-4764-b61e-49f7145cb61e",
    "data": [
      {
        "text": "I think it\u0027s a blockage in one of the arteries or valves of the heart that prevents proper blood flow?",
        "userDefined": false
      }
    ],
    "isTemplate": false,
    "count": 0,
    "lang": "en",
    "updated": 0
  },
  {
    "id": "10ee8fee-c800-418d-927d-bdb46799789e",
    "data": [
      {
        "text": "I think its a blockage or something of the heart. I think its a blockage or something of the heart",
        "userDefined": false
      }
    ],
    "isTemplate": false,
    "count": 0,
    "lang": "en",
    "updated": 0
  },
  {
    "id": "b20672fe-984f-4072-8133-dd746f803a52",
    "data": [
      {
        "text": "Pain in jaw, shortness of breath, chest tightness and pain, pain in left arm",
        "userDefined": false
      }
    ],
    "isTemplate": false,
    "count": 0,
    "lang": "en",
    "updated": 0
  },
  {
    "id": "e3839b83-fd48-44a5-bfd1-c1970c7be11f",
    "data": [
      {
        "text": "When there\u0027s a blockage and your heart can\u0027t pump your blood",
        "userDefined": false
      }
    ],
    "isTemplate": false,
    "count": 0,
    "lang": "en",
    "updated": 0
  },
  {
    "id": "3ba64491-6be1-4b3c-bfbb-d616326a50f7",
    "data": [
      {
        "text": "Arteries can be blocked",
        "userDefined": false
      }
    ],
    "isTemplate": false,
    "count": 0,
    "lang": "en",
    "updated": 0
  },
  {
    "id": "1a1e8d21-99aa-48fb-96b7-dd64bfb9a6d9",
    "data": [
      {
        "text": "A blockage in the arteries stops blood flow to the heart",
        "userDefined": false
      }
    ],
    "isTemplate": false,
    "count": 0,
    "lang": "en",
    "updated": 0
  },
  {
    "id": "90150274-ec12-41de-a063-87c16df1d5a1",
    "data": [
      {
        "text": "I think it occurs when blood flow to the heart comes to a stop",
        "userDefined": false
      }
    ],
    "isTemplate": false,
    "count": 0,
    "lang": "en",
    "updated": 0
  },
  {
    "id": "8b676405-41a9-42b6-a188-6b341b19e8ae",
    "data": [
      {
        "text": "I know very little. I think it occurs when a clot in the coronary artery stops blood flow to the heart",
        "userDefined": false
      }
    ],
    "isTemplate": false,
    "count": 0,
    "lang": "en",
    "updated": 0
  }
]