[
  {
    "id": "99693d29-4e7e-45ea-a5d7-ce87b28e01f8",
    "data": [
      {
        "text": "When the heart is pumping to fast and basically imploded",
        "userDefined": false
      }
    ],
    "isTemplate": false,
    "count": 0,
    "lang": "en",
    "updated": 0
  },
  {
    "id": "7f343a8b-efbd-4948-955f-498f8c82a3bc",
    "data": [
      {
        "text": "A heart attack is an electrical malfunction of the hearts rhythm",
        "userDefined": false
      }
    ],
    "isTemplate": false,
    "count": 0,
    "lang": "en",
    "updated": 0
  },
  {
    "id": "eac9b52b-9c8f-4af5-a6d7-ecd45d3317f1",
    "data": [
      {
        "text": "It tightens muscles in your heart that cuts off the blood flow",
        "userDefined": false
      }
    ],
    "isTemplate": false,
    "count": 0,
    "lang": "en",
    "updated": 0
  },
  {
    "id": "12172569-72e7-4468-9ce0-0a39a16d7965",
    "data": [
      {
        "text": "I think it\u0027s when the heart rhythm gets off\" and it impacts blood and oxygen flow. \"",
        "userDefined": false
      }
    ],
    "isTemplate": false,
    "count": 0,
    "lang": "en",
    "updated": 0
  },
  {
    "id": "4192d2cb-c635-4065-b1fc-ba30d9b8964a",
    "data": [
      {
        "text": "A heart attack is when a heart stops being able to beat on its own",
        "userDefined": false
      }
    ],
    "isTemplate": false,
    "count": 0,
    "lang": "en",
    "updated": 0
  },
  {
    "id": "b77fcfcc-a137-4681-a5ea-baaf13b836ea",
    "data": [
      {
        "text": " Uhm, not totally sure. Like where one or multiple parts of the heart seize up and stop pumping?",
        "userDefined": false
      }
    ],
    "isTemplate": false,
    "count": 0,
    "lang": "en",
    "updated": 0
  },
  {
    "id": "4f14f052-455c-4a91-a597-1241442ebf9a",
    "data": [
      {
        "text": "Loss of blood to the heart?",
        "userDefined": false
      }
    ],
    "isTemplate": false,
    "count": 0,
    "lang": "en",
    "updated": 0
  },
  {
    "id": "31e9cdb1-d40b-4d53-96a1-b04b94eababf",
    "data": [
      {
        "text": "From what I understand it\u0027s when the muscles of the heart stop contracting properly",
        "userDefined": false
      }
    ],
    "isTemplate": false,
    "count": 0,
    "lang": "en",
    "updated": 0
  },
  {
    "id": "6ee3f083-e322-44c5-945f-76f0207d9d28",
    "data": [
      {
        "text": "In my understanding, the heart goes into an uneven rhythm and freaks out",
        "userDefined": false
      }
    ],
    "isTemplate": false,
    "count": 0,
    "lang": "en",
    "updated": 0
  },
  {
    "id": "44bbffb6-2dde-4dca-bad8-885c8676b9dd",
    "data": [
      {
        "text": "I don\u0027t know the definition! Or why it happens or what specifically happens. I do know there\u0027s some specific proteins that can be tested for to show if you\u0027ve had one, and you can take aspirin to help prevent it. Maybe it has to do with blood pressure? Something goes wrong and your heart maybe stops beating the way it should.   I never realized I don\u0027t know what it is 😮",
        "userDefined": false
      }
    ],
    "isTemplate": false,
    "count": 0,
    "lang": "en",
    "updated": 0
  },
  {
    "id": "f10c4aa4-5b8a-48c6-a57a-02ab93a4a5e5",
    "data": [
      {
        "text": "I am not confident but I\u0027d guess it occurs when a heart isn\u0027t healthy/strong and/or is under a great deal of stress.. the blood isn\u0027t able to pump through as needed (due to a blockage? I\u0027m now wondering if all heart attacks are blockages). As a result, a person needs immediate medical attention to help the heart pump or it could be fatal.",
        "userDefined": false
      }
    ],
    "isTemplate": false,
    "count": 0,
    "lang": "en",
    "updated": 0
  },
  {
    "id": "bd5956e7-20e2-4eae-9e5a-0eafa9fd058e",
    "data": [
      {
        "text": "Hmm when blood isn\u0027t able to get to your heart and it stops beating...?",
        "userDefined": false
      }
    ],
    "isTemplate": false,
    "count": 0,
    "lang": "en",
    "updated": 0
  },
  {
    "id": "67c97277-6fd9-49d4-92b6-f020eaa3c828",
    "data": [
      {
        "text": "Blood flow through the heart stopping?",
        "userDefined": false
      }
    ],
    "isTemplate": false,
    "count": 0,
    "lang": "en",
    "updated": 0
  },
  {
    "id": "c9434339-5ca7-4ef4-ab54-4da1cc1c85df",
    "data": [
      {
        "text": "You might feel heartach and breathless.",
        "userDefined": false
      }
    ],
    "isTemplate": false,
    "count": 0,
    "lang": "en",
    "updated": 0
  },
  {
    "id": "15e67ace-17a5-4fe3-aa14-267b9d7fb175",
    "data": [
      {
        "text": "Heart attack happens when heart can\u0027t function normally.",
        "userDefined": false
      }
    ],
    "isTemplate": false,
    "count": 0,
    "lang": "en",
    "updated": 0
  },
  {
    "id": "b3b9092e-ace7-4949-a5b5-e8930b25ebde",
    "data": [
      {
        "text": "So...my def of heart attack is when your body feels unusually strange and shuts down",
        "userDefined": false
      }
    ],
    "isTemplate": false,
    "count": 0,
    "lang": "en",
    "updated": 0
  },
  {
    "id": "34e5efaa-fc6d-4ad0-b911-d0af4c045557",
    "data": [
      {
        "text": "Influence by arrythmia",
        "userDefined": false
      }
    ],
    "isTemplate": false,
    "count": 0,
    "lang": "en",
    "updated": 0
  },
  {
    "id": "ab8d47af-356c-4cf8-a04a-7baf1c8e81b6",
    "data": [
      {
        "text": "When the valves are blocked and blood pressure is high causing damage to heart",
        "userDefined": false
      }
    ],
    "isTemplate": false,
    "count": 0,
    "lang": "en",
    "updated": 0
  },
  {
    "id": "c067bbb0-da2f-4a51-868b-b385fe80cbf5",
    "data": [
      {
        "text": "The heart hurts",
        "userDefined": false
      }
    ],
    "isTemplate": false,
    "count": 0,
    "lang": "en",
    "updated": 0
  },
  {
    "id": "35aa3fb7-bb66-4372-a65c-3e2ffbca61ce",
    "data": [
      {
        "text": "The heart stops working",
        "userDefined": false
      }
    ],
    "isTemplate": false,
    "count": 0,
    "lang": "en",
    "updated": 0
  },
  {
    "id": "f2274351-a4f6-4baa-99e6-14f590b6cef2",
    "data": [
      {
        "text": "I think they occur when the heart stops beating",
        "userDefined": false
      }
    ],
    "isTemplate": false,
    "count": 0,
    "lang": "en",
    "updated": 0
  }
]