[
  {
    "id": "b908532a-7ae8-4971-ab9a-7b9c4a1fa015",
    "data": [
      {
        "text": "Being white is a risk?",
        "userDefined": false
      }
    ],
    "isTemplate": false,
    "count": 0,
    "lang": "en",
    "updated": 0
  },
  {
    "id": "a69dec72-b7c6-4819-89f2-33e8310a60e1",
    "data": [
      {
        "text": "I\u0027m pretty sure White women are at higher risk for heart disease than women who are Black, Indigenous or Asian.",
        "userDefined": false
      }
    ],
    "isTemplate": false,
    "count": 0,
    "lang": "en",
    "updated": 0
  },
  {
    "id": "490277da-106a-4888-978e-4119fdaf2c9d",
    "data": [
      {
        "text": "White",
        "userDefined": false
      },
      {
        "text": " women are at a higher chance of getting heart disease",
        "userDefined": false
      }
    ],
    "isTemplate": false,
    "count": 0,
    "lang": "en",
    "updated": 0
  }
]