[
  {
    "id": "94c4ef4e-36ea-4159-83ef-c9521f9b1ec9",
    "data": [
      {
        "text": "processed food",
        "userDefined": false
      }
    ],
    "isTemplate": false,
    "count": 0,
    "lang": "en",
    "updated": 0
  },
  {
    "id": "7c2d8805-6ebe-410b-801b-c74284dc9cff",
    "data": [
      {
        "text": "eating fast food",
        "userDefined": false
      }
    ],
    "isTemplate": false,
    "count": 0,
    "lang": "en",
    "updated": 0
  },
  {
    "id": "8faec842-c049-4756-97c7-15ffc84c6d21",
    "data": [
      {
        "text": "eating unhealthy",
        "userDefined": false
      }
    ],
    "isTemplate": false,
    "count": 0,
    "lang": "en",
    "updated": 0
  }
]